text,label,notes,reddit_id,source_url,post_id,item_type
"That article is wrong from the start. ""In the Round of 32, the winner of Group D will face the runner-up in Group G"", nope. The US will play a 3rd place team from B,E,F,I or J. 2nd place in Group D will play 2nd place in Group G.",analysis,,oszzamm,https://old.reddit.com/r/worldcup/comments/1ubza6c/iran_faces_belgium_with_world_cups_most/,1ubza6c,top_comment
"Portugal 1-1 DR Congo — Congo had higher xG despite having 25% possession. The data suggests they deserved more [OC] Everyone's talking about Portugal's dominance in this game. The data tells a completely different story. I built a match dashboard using FotMob stats: Portugal: 0.65 xG | 75% possession | 724 passes | 29 box touches DR Congo: 0.87 xG | more shots | more shots on target | won more duels Congo created better quality chances despite barely having the ball. Portugal recycled possession without penetrating effectively. Bruno Fernandes was Portugal's top xG + xA contributor — but even he couldn't manufacture the central, high-probability chances that actually threaten goalkeepers. Possession without penetration is just an illusion of control. Happy to share the full breakdown if anyone's interested — just ask in the comments. #WorldCup2026 https://preview.redd.it/oxq2qovevo8h1.png?width=1086&format=png&auto=webp&s=0f0af74e9f9dc4b9e21358dab57f06f6789fc9db",analysis,,1ubz5eb,https://old.reddit.com/r/worldcup/comments/1ubz5eb/portugal_11_dr_congo_congo_had_higher_xg_despite/,1ubz5eb,post
"Bouaddi vs Manzambi — I compared two of Europe's best young midfielders using FBref data. Same position, completely different profiles [OC] Both are at the World Cup right now which made this comparison feel very timely. I used 2025/26 FBref domestic league stats to build a radar chart and stat breakdown comparing: - Ayyoub Bouaddi (Lille, 18) — 28 starts in Ligue 1, 1.55 tackles won per 90, positive goal difference - Johan Manzambi (Freiburg, 20) — 5 goals, 4 assists, 2.21 shots per 90, UEFA Europa League Revelation of the Season The radar makes the contrast impossible to ignore. Bouaddi's shape is built around defensive contribution and availability. Manzambi's balloons outward on every attacking metric. Main takeaway: these aren't two versions of the same player. They're developing into completely different midfielder archetypes — one a controller, one a contributor. Full breakdown with radar + stat table: https://open.substack.com/pub/thespatialscoutt/p/bouaddi-vs-manzambi-two-teenagers?r=3hgxqg&utm_campaign=post&utm_medium=web&showWelcomeOnShare=true Happy to discuss methodology or any of the numbers.",analysis,,1ubypqk,https://old.reddit.com/r/worldcup/comments/1ubypqk/bouaddi_vs_manzambi_i_compared_two_of_europes/,1ubypqk,post
"The competitiveness of the 48 team World Cup format One of the big narratives at the tournament this year has been that fears of a less competitive tournament were unfounded, and there’s no doubt we’ve seen some success stories like Cape Verde drawing with Spain. But underneath it, there is evidence that the tournament has more lopsided results this time around. The number of matches where one team wins by four goals or more has shot up this year. In the 32 team era, there were 21 such games, averaging 3 per tournament. This year there have already been 6, and we’re only a little over halfway through the group stage. That’s more than the last two tournaments combined. So there is evidence that lopsided results have indeed become more commonplace. A counterpoint to this though is that lopsided results were more common in the early days of the 32 team era compared to later tournaments - the overall average was 3, but there were only 2 in the last two 32 team tournaments. So perhaps as time goes on, if this format is given time to mature, the competitiveness will steadily creep up again.",analysis,,1ubxlrn,https://old.reddit.com/r/worldcup/comments/1ubxlrn/the_competitiveness_of_the_48_team_world_cup/,1ubxlrn,post
For me the big issue is the fact that 8 out of the 12 third placed teams will qualify for the knockouts. There really is very little jeopardy in the group stage and we won't see the shock big team knockout in the group stage (e.g. Germany in 2018). This tournament will only really get interesting from the round of 16 onwards.,analysis,,oszmerg,https://old.reddit.com/r/worldcup/comments/1ubxlrn/the_competitiveness_of_the_48_team_world_cup/,1ubxlrn,top_comment
"Yeah. OP doesn’t understand the concept fully. If the ball was already on track to go in the net, it’s not given as an Own Goal. That’s only if the defender CAUSES the goal.",analysis,,oszahpp,https://old.reddit.com/r/worldcup/comments/1ubw7b2/why_does_football_still_use_the_concept_of_own/,1ubw7b2,top_comment
"KO stage seeding thoughts? Change seems like it would be a good move Anyone else think it’s goofy how they do the KO stage bracket? Call me crazy- I feel they should rank the top group winners and allow them to pick their spot in the draw by world ranking. Aka let the top ranked 1 seed pick their draw spot, let the 2nd ranked pick their spot next and so on (or similar fashion). I think it’s super goofy you have Spain playing france in the semis and not the finals if they both win their group. Also seems teams should try to set up their last game to make it a result where they can determine if they wanna finish 1st or 2hd in their group to potentially avoid certain parts of draw if advantageous to them. This will get lold at but feel they should try to avoid top collisions early in draw and should allow teams to pick their section of draw. As I say this- it’s a goofy idea due to the fact of scheduling locations etc. just seems really antiquated how they determine the draw randomly by picking balls out of a jar lmao. Ideal should be to Have 1 play 4 in semis and 2 and 3 play other side.",analysis,,1ubts77,https://old.reddit.com/r/worldcup/comments/1ubts77/ko_stage_seeding_thoughts_change_seems_like_it/,1ubts77,post
"The U.S. Men Are Beginning to Look Like the Team We Were Promised. Two straight soccer wins for the United States during a World Cup group stage? Neither of which were the result of some lucky bounce or referee whistle, which sometimes happens in this game? ​ Believe it. ​ In both of their victories thus far at the 2026 World Cup, the Americans have been, by far, the superior all-around team. And in the second triumph, a 2-0 win over a physical Australian side on Friday afternoon at Seattle Stadium, the team’s best player, Christian Pulisic, didn’t even dress. ​ ​",analysis,,1ubtiiv,https://old.reddit.com/r/worldcup/comments/1ubtiiv/the_us_men_are_beginning_to_look_like_the_team_we/,1ubtiiv,post
"The Caribbean Diaspora is very well represented at this year's World Cup! While Caribbean teams have never been powerhouses historically (only Cuba way back in 1938 and Jamaica in 1998 have recorded WC wins in history), their diaspora has been representing them very well on other NT's, particularly on the US, England, France, Canada and Netherlands squads. For a diaspora of only 9 million people outside of the Caribbean, this is extremely impressive that so many great players can trace their ancestry back to these islands. On top of Curacao's incredible effort to secure a point last night, this WC has a big W for the Caribbean overall. On the US team: - Tim Weah (Jamaican ancestry through his mom) - Mark McKenzie (Jamaican ancestry) - Alex Freeman (Jamaican ancestry) - Sergiño Dest (Surinamese ancestry through his dad) On the England team: - Jude Bellingham (Guyanese ancestry through his mom) - Marcus Rashford (Jamaican and Kittitian ancestry) - Kyle Walker (Jamaican ancestry through his father) - Ollie Watkins (Jamaican ancestry) - Cole Palmer (Kittitian ancestry through his grandfather) On the French team: - Marcus Thuram (born in Guadeloupe) - Kingsley Coman (Guadeloupean ancestry) - Jean-Philippe Mateta (Haitian ancestry) On the Canadian team: - Jonathan David (Haitian ancestry) - Cyle Larin (Jamaican ancestry) - Tajon Buchanan (Jamaican ancestry) - Derek Cornelius (Jamaican and Bajan ancestry) On the Dutch team: - Virgil Van Djik (Surinamese ancestry) - Denzel Dumfries (Surinamese and Aruban ancestry) - Jurrien and Quinten Timber (Curacaoan and Aruban ancestry) - Ryan Gravenberch (Surinamese ancestry) - Crysencio Summerville (Surinamese ancestry) - Donyell Male (Surinamese ancestry through his dad)",analysis,,1ubsqhg,https://old.reddit.com/r/worldcup/comments/1ubsqhg/the_caribbean_diaspora_is_very_well_represented/,1ubsqhg,post
"Dutch royals visit Curaçao’s locker room after historic World Cup draw vs Ecuador, celebrate together with the team Nederland's royal fanmily: King Willem-Alexander, Queen Máxima and daughter princess Ariane, who attended last night match between Curaçao and Ecuador in Kansas City, went to the team's locker room after the match and had a bit or celebration together😀 In Group E, Curaçao pulled off an absolute stunner by securing a 0-0 draw against Ecuador at Arrowhead Stadium, earning their first-ever FIFA World Cup point. Goalkeeper Eloy Room was the undisputed hero, racking up an astonishing 15 saves - the most recorded in a standard World Cup match since 1966. Curaçao is a constituent country within the Kingdom of the Netherlands.",analysis,,1ublm53,https://old.reddit.com/r/worldcup/comments/1ublm53/dutch_royals_visit_curaçaos_locker_room_after/,1ublm53,post
"Probably the best football presenter there's ever been. Played the game at the highest level himself and crafted a great show for many years using intelligent, informed comment laced with humour and pathos. Many people miss him.",analysis,,oswma3e,https://old.reddit.com/r/worldcup/comments/1ubjosv/gary_thats_my_job_lineker_makes_itv_presenting/,1ubjosv,top_comment
"Four beautiful goals that show off Japan’s technical skill First goal - ground cross Second goal - long range / power shot Third goal - breakaway Fourth goal - aerial cross Just about every way they could score, they did.",analysis,,oswgpa4,https://old.reddit.com/r/worldcup/comments/1ubiqtf/japan_full_goal_compilation_40_against_tunisia_at/,1ubiqtf,top_comment
What shame? People need to stop treating Japan like they are not one of the best teams in the world. They just tied the Netherlands 🇳🇱. They knocked Germany out of the group stages last time. If Tunisia had lost 4-0 to Spain or France no one would be saying this.,analysis,,osx24mf,https://old.reddit.com/r/worldcup/comments/1ubiqd4/tunisian_match_today_vs_japan_today_such_a_shame/,1ubiqd4,top_comment
"All called off for the Germans. Fouls outside of the box. Nothing. CIV player cutting the back of Wirtz’s achilles to stop an attacking movement. Nothing. They literally threw punches and nothing happened. That keeper of CIV was a great actor. Run through by his own defender and he is down play acting! I thought it was hilarious when Singo blew his hamstring battling Havertz, though! Serves him gooood.",analysis,,oswg156,https://old.reddit.com/r/worldcup/comments/1ubi8i7/germany_21_ivory_coast_deniz_undavs_lastminute/,1ubi8i7,top_comment
"Great reffing. They aren’t calling nitpicky contact, and they aren’t tolerating or giving into flopping. Also throwing that yellow card for flopping in the first game must have sent a clear message.",analysis,,oswagc3,https://old.reddit.com/r/worldcup/comments/1ubhqos/why_have_there_been_so_few_penalty_kicks_in_this/,1ubhqos,top_comment
"Japan is not smaller. They beat England, Brazil, Scotland, Canada and Germany in the last 3 years. The real kings of Asia if only AFC is nor corrupt. Onwards Blue Samurai!",analysis,,oswfgfj,https://old.reddit.com/r/worldcup/comments/1ubgs36/and_japan_did_it_again_20_japan_vs_tunisia_theyre/,1ubgs36,top_comment
There have only been two 0-0 matches so far and both will be remembered for a long time Nobody usually wants a 0-0 match and often they are boring forgettable matches. This world cup though we have only had two 0-0's thankfully and both of them will unusually be two of the most remembered matches of the tournament. ​ First it was Cabo Verde heroically holding the European champions Spain to a goal-less draw and then that Curacao incredibly doing the same against Ecuador. ​ Amazing world cup so far.,analysis,,1ubdyi8,https://old.reddit.com/r/worldcup/comments/1ubdyi8/there_have_only_been_two_00_matches_so_far_and/,1ubdyi8,post
Both 0-0 matches had a veteran goalkeeper that played at an MVP level.,analysis,,oswc37k,https://old.reddit.com/r/worldcup/comments/1ubdyi8/there_have_only_been_two_00_matches_so_far_and/,1ubdyi8,top_comment
"Curacao’s goalie let up 7 goals to Germany and then said, “Fuck it — never again.”",analysis,,osv43k5,https://old.reddit.com/r/worldcup/comments/1ub9d4r/match_thread_ecuador_vs_curacao_world_cup_group_e/,1ub9d4r,top_comment
"I am loving the quickness of VAR, and these new rules Offsides are instant, yesterdays VAR review for offside for the US took a few seconds. Players running off the field for a sub Players not trying to get treatment every time they hit the ground It’s refreshing, and as someone from the US I love how people who don’t normally watch soccer can’t complain about VAR taking forever, like it does sometimes in the NFL or NBA",analysis,,1ub7irk,https://old.reddit.com/r/worldcup/comments/1ub7irk/i_am_loving_the_quickness_of_var_and_these_new/,1ub7irk,post
"They’re allowing a little too much grabbing, but otherwise the officiating has been much better than usual. Fast paced, letting them play. I was skeptical of the “hydration breaks” at first, but given the increased pace I’m good with them getting a couple minutes rest",analysis,,osv37w7,https://old.reddit.com/r/worldcup/comments/1ub7irk/i_am_loving_the_quickness_of_var_and_these_new/,1ub7irk,top_comment
"Does head-to-head being the first tie-breaker result in lame duck 3rd games? Making head to head the first tie breaker results in teams securing the first spot after game 2 Mexico, USA’s, Netherlands’s 3rd games are now meaningless to them",analysis,"Named teams that secured first place after two matches are concrete evidence for the tiebreaker criticism, so analysis.",1ub4l7u,https://old.reddit.com/r/worldcup/comments/1ub4l7u/does_headtohead_being_the_first_tiebreaker_result/,1ub4l7u,post
"Picture a scenario where Ivory Coast (CIV) beats Germany 2-0 but “only” beats Curacao 3-0 and then somehow CIV and Germany ended up tied at 6 pts Should Germany be top of the group because they blasted Curacao by more goals? The head-to-head score is a much better tiebreaker than who was more ruthless against a minnow. Goal difference still ends up mattering if the joint leaders drew their game, but I don’t think it should be the top priority",analysis,,ostqh3x,https://old.reddit.com/r/worldcup/comments/1ub4l7u/does_headtohead_being_the_first_tiebreaker_result/,1ub4l7u,top_comment
Sergiño dest is trying to keep it alive for the Americans,analysis,,ost1f33,https://old.reddit.com/r/worldcup/comments/1ub3ecy/do_we_see_any_dribbling_tricks_and_and_joga/,1ub3ecy,top_comment
"Researchers affirm that a Scotsman was responsible for organizing the first football/soccer match in Brazil https://preview.redd.it/u026t21eqg8h1.jpg?width=1740&format=pjpg&auto=webp&s=e6aa2df7b4ddc885b8a4933d164fa10b0cbc5670 A Scotsman named Thomas Donohoe is said to have organized the first football match in Brazil on the grounds of a textile factory in the historic neighborhood of Bangu in the city of Rio de Janeiro. Although São Paulo native Charles Miller has traditionally been regarded as the father of the sport in the country, said to have organized the first match in São Paulo on April 14th, 1895, according to the rules then practiced in England. However, researchers argue that the title rightfully belongs to the Scotsman Thomas Donohoe, having organized a match on Sunday, September 9, 1894, a whole year before Charles Miller, on a field beside the Bangu textile factory. A tribute statue to him was crafted in Bangu and placed on the original factory site (which is now a shopping mall). The event was attributed to be organized by Thomas Donohoe, and according to researchers, it was his wife, Elizabeth, who brought him the much-anticipated foot ball from Europe. She arrived in Brazil three months after her husband and carried in her luggage the object that had provided him with recreation back in Scotland. According to journalist Storm Huntley, from a Scottish television network who visited Bangu to tell Thomas's story, Charles Miller earned the title of ""father of football"" because he belonged to the country's elite and was more successful in organizing the matches. However, in her view, it was the Scotsman who instilled a passion for football. With the next match of Brazil in the world cup being against Scotland on the next Wednesday, both Brazilian and Scottish fans will have an incredible opportunity to celebrate together such a beautiful shared history around the sport. https://preview.redd.it/32ecf03gqg8h1.jpg?width=1189&format=pjpg&auto=webp&s=77b7e53a2b77f4471a5d7dcc0308e69d2d184da5 https://preview.redd.it/c6o5fy1hqg8h1.jpg?width=1600&format=pjpg&auto=webp&s=3f09da9e844475ea8f19259da23976b9edb36496",analysis,,1ub0mpr,https://old.reddit.com/r/worldcup/comments/1ub0mpr/researchers_affirm_that_a_scotsman_was/,1ub0mpr,post
"Pretty cool to see him back with the team and in good spirits. I was watching the TSN nightly wrap up segment last night and they said that three of the top orthopedic surgeons in Vancouver were actually watching the match, saw the injury happen, and almost immediately began coordinating/consulting with one another about preparing for the operation and started heading to the hospital before they even got a call from the people affiliated with the the Canadian soccer program. By the time Koné got to the hospital, they already had their advanced team prep the surgical suite and the surgeons themselves were basically ready to handle business. Given the way they were able to get the injury stabilized, get Koné to the hospital with highly qualified surgeons, and operate so quickly after such a gruesome and potentially career-altering iniury, I'd say the man had some incredible post-injury luck. From the update they gave last night, it sounds like they think his prognosis for his future recovery and return to soccer is good, as well. Even the injury apparently happened in such a way that the fractures and surrounding damage weren't nearly as extensive or as difficult to repair as is often seen in similar cases. All very good news for Koné and Canada.",analysis,,oss9csz,https://old.reddit.com/r/worldcup/comments/1uaz8r9/awesome_video_from_canmnt_showing_ismaël_koné/,1uaz8r9,top_comment
"FIFA partnered with Michigan State University and Tennessee University to design, implement, and oversee the natural grass playing surfaces for all the host stadiums and practice fields across the US, Mexico, and Canada. MSU led the same thing for the 1994 World Cup for the Pontiac Silverdome where they installed the first ever indoor natural grass playing field inside a domed stadium. MSU is widely considered a premier turf grass management school in the world, mainly due to John ""Trey"" Rogers III (known as the ""Sodfather""). He's been there building the program for the last 40+ years. They have over 2,000 graduates who are currently working as groundskeepers at major fields, stadiums, and golf courses around the world. Rogers was also the one who led the 1994 World Cup project. Tennessee, likewise, is also considered a premier turf grass management school in the world, mainly due to John Sorochan and John Stier (who were John T Rogers' protégées earning their undergraduate, master's and Ph.D. under Rogers' direct mentorship). They were also a part of the crew for that 1994 World Cup project. Sorochan joined UT in 2002 and has modeled their facility after Rogers' blueprint at MSU, while Stier joined UT in 2011. UT boasts 100% graduate placement into professional turf management roles. MSU worked with developing the specialized turf for the cool-climate stadiums while UT worked with developing the specialized turf for the warm-climate stadiums. It's worked so far because Rogers, Sorochan, and Stier are arguably the best people in the world to lead the project due to their combined expertise and experience.",analysis,,ostd8ts,https://old.reddit.com/r/worldcup/comments/1uaytua/what_type_of_grass_have_they_in_the_us_pitch/,1uaytua,top_comment
"Through almost 100 years of World Cup competition, no country outside of Europe or South America has made the World Cup final. The deepest run in the World Cup by teams outside of UEFA and CONMEBOL have been the United States in 1930, South Korea in 2002, and Morocco in 2022. All 3 made the semifinals and lost. Morocco were the first team to make it that far from Africa.",analysis,,1uayrzx,https://old.reddit.com/r/worldcup/comments/1uayrzx/through_almost_100_years_of_world_cup_competition/,1uayrzx,post
"honestly this WC has reminded me that reddit isn't the real world. Before it started I was sure as hell (because reddit told me) that no one would travel to the US. No fans would risk being detained in the streets. ICE was going to raid every match. No one would be buying tickets and stadiums would be empty. All I see are full stadiums. Foreigners enjoying the event. Partying in the streets of my city. Chants, people wearing their country jerseys. Some great matches and vibes. I'm never trusting reddit with real world predictions every again lol",analysis,,oss15l0,https://old.reddit.com/r/worldcup/comments/1uayhcm/how_a_warm_world_cup_welcome_is_endearing_the_us/,1uayhcm,top_comment
some expecting a baby boom - one guy on tiktok,analysis,,oss1yse,https://old.reddit.com/r/worldcup/comments/1uaxil4/boston_falls_in_love_with_scotlands_tartan_army/,1uaxil4,top_comment
"How's that empty, lol - it looks full to me - and it wasn't even a top-tier match. Attendance was 70,026 in a 70,492-capacity SoFi - based on officiial figures. That’s 99.3% full. The only empty thing here is your talking point.",analysis,,osrm5dj,https://old.reddit.com/r/worldcup/comments/1uax1oo/bosnian_fan_gallery_brought_some_balkan_folk/,1uax1oo,top_comment
"Congrats Haiti for qualifying for your first World Cup in over 50 years! It’s sad you were put in this group and became the first country to get out in the World Cup, but good luck next time and hopefully you qualify faster and have an easier group in your next World Cup!",analysis,,osp21da,https://old.reddit.com/r/worldcup/comments/1uakuxh/postmatch_thread_brazil_30_haiti_world_cup_group_c/,1uakuxh,top_comment
"I'm not saying it made the difference, but the ref this game was genuinely dreadful. You could tell the game got rougher the further it went, and the Scots seemed genuinely angry towards the end. So much shoving each other even when the ball was miles away I can understand not wanting to stop play constantly, but this was ridiculous",analysis,,osobapn,https://old.reddit.com/r/worldcup/comments/1uahq5h/postmatch_thread_scotland_01_morocco_world_cup/,1uahq5h,top_comment
Everyone wants to discredit America but they have beat two teams in front of them. Big names like Spain and Portugal have tied with worse teams against them. Also USA did this against Australia without Pulisic which is probably their best control and set up guy.,analysis,,osnel9b,https://old.reddit.com/r/worldcup/comments/1uadr2a/postmatch_thread_united_states_20_australia_world/,1uadr2a,top_comment
Why are defensive tactics so dirty this time? Why are people manhandling each other to defend?? I only watch football during the World Cup and I don’t remember it being this bad the previous time? Did something happen in football leagues over the past four years or something? Why do players keep pushing or pulling each other to defend the ball? It didn’t use to be this bad?? (Portugal was embarrassing to watch a couple of days ago and now it’s happening during the USA Australia game too.) Edit: just editing to say that I’m genuinely curious cos I’m wondering about football trends that have led up to this that I may have missed out on cos I don’t follow football.,analysis,,1uacmuh,https://old.reddit.com/r/worldcup/comments/1uacmuh/why_are_defensive_tactics_so_dirty_this_time_why/,1uacmuh,post
"Dare I say it, but I'm enjoying the 48 teams. Some of the line ups have been really fun Cape Verde V Spain, switzerland V bosnia, Canada V Qatar, Congo V Portugal. ​ I've really enjoyed some of line ups we wouldn't of gotten without the extra teams. The main complaint was it'll be boring but having a few blow outs or upset has been great. We'd never of seen the cape Verde goalkeepers performance without this.",analysis,,1ua5rrl,https://old.reddit.com/r/worldcup/comments/1ua5rrl/dare_i_say_it_but_im_enjoying_the_48_teams_some/,1ua5rrl,post
"A Simple Guide to Group Standings & 3rd Place Qualification (And why you shouldn't overanalyze it) Since the World Cup expanded to its massive new format, I’ve seen a lot of confusion around how the standings work. Some of our new friends from North America love to overanalyze every single mathematical scenario, but this system isn't actually new. The World Cup used the exact same ""best 3rd-placed teams"" rule back in 1994 (ironically, when the US last hosted it), the only difference being that there were fewer groups back then (6 groups instead of the current format). So, let’s break down exactly how the math works in plain English. 1. How to Read a Standings Table (The Columns) When you open an app like Flashscore, you will see a row of letters next to a team's name. Here is what they mean: MP (or GP): Matches Played. (Every team plays 3 games in the group stage). W: Wins (Worth 3 points ). D: Draws / Ties (Worth 1 point each). L: Losses (Worth 0 points ). G (or GF:GA): Goals scored vs Goals conceded (e.g., 4:1 means they scored 4 and conceded 1). GD (+/-): Goal Differential. This is Goals Scored minus Goals Conceded . (If you score 4 and concede 1, your GD is +3 or 3). PTS: Total Points. This is the most important number. https://preview.redd.it/id7wvx3l698h1.png?width=625&format=png&auto=webp&s=a1f4c7dac79bba2fc6ceb50409cc1d2cdc3a0e9c 2. The Group Tie-Breakers (FIFA Rules vs. UEFA Rules) A lot of people get confused here because they remember Qatar 2022 and older World Cups where goal difference was always the very first rule. In fact, for the first time since 1970, FIFA has officially changed its historical rule for this tournament and aligned with the UEFA style. This means head-to-head records are now the primary tie-breaker instead of overall goal difference. They look at the actual match played between the tied teams first. According to the official FIFA World Cup Regulations & Tie-Breakers , if two or more teams finish equal on group-stage Points (PTS), here is the exact official order used to separate them in the standings: Head-to-Head Points: Most points obtained in the group matches played between the tied teams. Head-to-Head Goal Differential: Superior goal difference in the group matches played between the tied teams. Head-to-Head Goals Scored: Most goals scored in the group matches played between the tied teams. Total Goal Differential (GD): Superior goal difference in all 3 group matches (this is where overall GD finally kicks in). Total Goals Scored: Most goals scored in all 3 group matches. Fair Play Points: A disciplinary system where you lose points for cards (-1 for yellow, -3 for indirect red, -4 for direct red). FIFA World Ranking: If teams are tied on absolutely everything on the pitch and on cards, the team that enters the tournament with the higher official FIFA World Ranking automatically gets the higher spot. No more random luck or drawing names out of a hat! What is the FIFA World Ranking? Think of it as a permanent, global leaderboard for international football that has been ongoing since 1992 and never resets. It uses a mathematical system where teams constantly accumulate or lose points after every single match based on the importance of the game and the strength of the opponent. At the World Cup, if two teams are tied on absolutely everything else, the one sitting higher on this historical, ever-evolving leaderboard gets the edge. 3. How the ""Best 3rd-Placed Teams"" are Determined The best 8 teams that finish in 3rd place across all groups will also advance to the Knockout Rounds. To rank them against each other, FIFA creates a separate ""virtual table"" containing only the 3rd-placed teams. https://preview.redd.it/s4jtzsn2898h1.png?width=656&format=png&auto=webp&s=7e0ef3d0c9101de490be2061096ac61274c3ecbe Crucial Note on this Table: As you can see in the standings app, this live table updates in real-time after every single match, but it is completely temporary right now. There are still plenty of matches left to be played in the group stage. A team might look safe in the top 8 today because some groups have only played 1 match while others have played 2, but the table will shift drastically. Do not panic or celebrate until every single group has finished all 3 rounds! Since these teams obviously didn't play against each other, the tie-breakers for this specific table are slightly shorter: Total Points Total Goal Differential Total Goals Scored Fair Play Points (fewer cards) FIFA World Ranking 4. How are the 3rd-placed teams assigned to Group Winners? Since only 8 of the 12 group winners will face a 3rd-placed team (specifically the winners of Groups A, C, D, E, G, I, K, and L), FIFA created a preset master chart in the tournament regulations to handle this automatically. https://preview.redd.it/6wvhmphdd98h1.png?width=382&format=png&auto=webp&s=6490f3f927e92379848da0277bff7998f4008ca9 As you can see in the official tournament schedule app above, teams like E1 , I1 , or D1 don't have a fixed opponent yet. Instead, they have a list of options in parentheses (like A3/B3/C3/F3 ). Depending on the exact combination of the 8 groups that send their 3rd-placed teams through, that official FIFA chart automatically dictates the matchups. It’s a fixed puzzle where the pieces fall into place on their own once the group stage ends. No manual choices, no complicated math during the bracket stage! The Bottom Line: Don't Stress! Historically, if a team manages to get 4 points (e.g., 1 win and 1 draw), they are 99% qualified, regardless of whether they finish 2nd or 3rd in their group. At the end of the day, if we spend all our time overanalyzing spreadsheets, calculating goal differentials after every whistle, and stressing over disciplinary points, we completely miss the point. Nowadays, they keep inventing all these meaningless metrics like xG (Expected Goals), advanced data analytics, and other overcomplicated stats that, in my opinion, are just ruining the beautiful game. We are turning football into a math exam. Football is not a spreadsheet, It’s about the people in the stands, the last-minute winners, the heartbreaks, and the beautiful chaos. You don't need a degree in advanced mathematics or data science to enjoy a tournament. Just switch off the calculator, ignore the stats, cheer for your country, and let the game happen!",analysis,,1ua4uw0,https://old.reddit.com/r/worldcup/comments/1ua4uw0/a_simple_guide_to_group_standings_3rd_place/,1ua4uw0,post
Idk how this is a post lol. Host nations have literally always done well except for South Africa and Qatar. Actually South Africa was the first ever host not to make it out (they beat France in that World Cup group). That was only 2010 over 80 years after the World Cup started.,analysis,,oskyii4,https://old.reddit.com/r/worldcup/comments/1ua2un7/i_dont_know_if_its_the_usual_thing_or_not_for/,1ua2un7,top_comment
"as football fans we need to talk about how unfair FIFA is The current unfair allocation: Confederation (Region) Total Countries (FIFA Members) Direct Slots (2026) Regional Success Rate (%) UEFA (Europe) 55 16 29.09% CAF (Africa) 54 9 16.67% AFC (Asia) 45 7 15.56% CONMEBOL (South America) 10 6 60.00% CONCACAF (North & Central America) 35 6 17.14% OFC (Ocenia) 12 2 16.67% Total / Overall 211 46 * 21.80% For people not good with stats, the above table implies ASIA and AFRICA got the worst deal. If we go by population, it will be far far worse and unfair. Everyone shall reflect how wrong FIFA is. Why does LATAM have 6 spots for 10 nations while Asia has same count for 45 nations? People talking about that 32 -> 48 AFC gained 3 spots, but then so did LATAM 2 spots and EU 3 spots when they never needed it. AFC and CAF were under represented and they should have got those 5-8 spots. FIFA threw token breadcrumbs to AFC and said ""deal with it"" we don't want you in WC as our fans prefer to watch EU/LATAM team only and it is all fair and inclusive. The actual fair allocation below inclusive of host nations: Africa: 12 seats for 54 nations Asia: 10 seats for 45 nations Europe and all those islands colonies: 13 seats for 55 nations North America, South America, Aus/NZ/Oceania and everybody else: 13 seats of remaining 57 nations If one stands against the critics of compositions of squad, one should also stand against the unfair representation. FIFA is prejudiced against Asia and Africa, typical colonial era mindset. How come the ""business reasons"" become suddenly more important than representation? No way you are telling me that a Ecuadorian deserves representation more than a Thai.",analysis,,1u9zj1b,https://old.reddit.com/r/worldcup/comments/1u9zj1b/as_football_fans_we_need_to_talk_about_how_unfair/,1u9zj1b,post
New rule added this year about covering your mouth while in a confrontation. It can be an automatic red as it is hard to tell what a player could have said. Whether or not #10 from Paraguay said something offensive doesn't matter. The Turkey players knew the rule and called for it,analysis,,ospcfk4,https://old.reddit.com/r/worldcup/comments/1u9t3pd/the_619_daily_discussion_megathread_talk_here/,1u9t3pd,top_comment
"This is a dumb take. Alphonso Davies has been the real needle mover for popularity of football in Canada. Sure, having some matches on Canadian soil absolutely helps garner interest but if the squad didn’t have talent (like the 1994 USA squad) it wouldn’t move the needle nearly as much. Just like it didn’t for the US in 1994. People in the US didn’t really start caring till Landon Donovan came on to the scene.",analysis,,osivhmg,https://old.reddit.com/r/worldcup/comments/1u9sv4z/why_this_world_cup_could_do_for_canada_what_1994/,1u9sv4z,top_comment
"As an American that rarely watches Soccer, save for World Cups, am I crazy for thinking it looks like the foreign fans here are having a better time than usual at other host countries? Obviously, tik tok algorithms can be, altered, but everything I’m seeing is people having an amazing time. Swedes discovering Buccees, Scots drinking Boston dry, Japanese fans riding mechanical bulls in Texas. Just seems a bit more of a wild international party that usual.",analysis,,1u9s5z6,https://old.reddit.com/r/worldcup/comments/1u9s5z6/as_an_american_that_rarely_watches_soccer_save/,1u9s5z6,post
"Dude, you couldn't even drink at the last one. Lol",analysis,"The Qatar alcohol restriction is a specific historical comparison supporting the claim about fan experience, so analysis.",osiqc7s,https://old.reddit.com/r/worldcup/comments/1u9s5z6/as_an_american_that_rarely_watches_soccer_save/,1u9s5z6,top_comment
"Everybody that says this was intentional clearly hasn’t watched any football yet. Wasn’t even that bad of a foul. Happens 10 times each match, he just got very unlucky.",analysis,"The recurring frequency of similar fouls is connected to the conclusion that the injury was accidental, so analysis.",osjd8b0,https://old.reddit.com/r/worldcup/comments/1u9pdq6/ismael_kone_breaks_leg_at_world_cup_vs_qatar/,1u9pdq6,top_comment
Canada’s victory today means Qatar remains the only host to not win a game in the tournament they hosted Last I checked no one got through round 1 with two or three draws and no one went out in round 1 until South Africa 2010 (who at least beat France and finished third in group but third in group was guaranteed elimination),analysis,,1u9nbuu,https://old.reddit.com/r/worldcup/comments/1u9nbuu/canadas_victory_today_means_qatar_remains_the/,1u9nbuu,post
"Airbnb spreading lies in their commercials annoys me Disclaimer, this is a rant about something non important, and my point of view as well. Are you also annoyed by airbnb and their commercials? Spreading lies that Jiu Jitsu was created when Judo was brought by a Japanese to Brazil (jiu Jitsu already existed in Japan), or that salsa was created when PRicans took cuban rhythms and mixed them up or something like that (that music has existed in Cuba for a long time, they just called it Son Montuno).... Things that make people then repeat it afterwards... Anyway, that's it. ​ Great games and great match ups overall!!!",analysis,,1u9n5g7,https://old.reddit.com/r/worldcup/comments/1u9n5g7/airbnb_spreading_lies_in_their_commercials_annoys/,1u9n5g7,post
Never seen a more decisive victory be so marred in sadness. Canada was likely going through anyway but to lose a player in that manner is just heartbreaking,analysis,,oshenig,https://old.reddit.com/r/worldcup/comments/1u9mn57/postmatch_thread_canada_60_qatar_world_cup_group_b/,1u9mn57,top_comment
"Round of 32 schedule, as it stands, updated in real time You probably know that the scheduling of the Round of 32 is very complex. The 8 best 3rd place finishers could be picked from the 12 groups in 495 different ways, and there is potentially a different Round of 32 structure for each of them. The BBC website now includes a page where they work out who are the 8 best 3rd placed teams *right now*, and construct the R32 schedule based on that. The page updates automatically every 15 seconds while group matches are in-play. https://www.bbc.co.uk/sport/football/world-cup/schedule#KnockoutStage As it stands right now (21:38 UTC on Thursday), the stand-out matches are Germany (E1) vs Brazil (C3) and England (L1) vs Portugal (K3). Of course the whole thing is incredibly volatile, and it could change significantly any time a goal is scored. But it's an interesting bit of fun. Edited to add: Funnily enough the two games still to play tonight won't affect things much. Canada play Qatar in Group B. The 3rd placed team in Group B is currently Bosnia-Herzegovina, and they're one of the 8 best 3rd placed teams. Whatever happens in the Canada / Qatar match, whichever team is in 3rd place in this group will still be one of the 8 best, sonit won't upset the R32 draw (other than potentially substituting Canada or Qatar for Bosnia-Herzegovina). Then Mexico play South Korea in Group A. Their match can't affect 3rd place in their group, so it can't affect the R32 structure (though South Korea would go top of the group if they win).",analysis,,1u9jex1,https://old.reddit.com/r/worldcup/comments/1u9jex1/round_of_32_schedule_as_it_stands_updated_in_real/,1u9jex1,post
"To clear it up for new fans: If those sorts of denial of goalscoring opportunity fouls are inside the box, it's not a red card because IFAB (rule-makers of football) decided it's too much of a punishment to have a red card AND a penalty If it's outside the box, it is a red card That change to the rules came in a few years ago",analysis,,osgyrm3,https://old.reddit.com/r/worldcup/comments/1u9hfc0/match_thread_canada_vs_qatar_world_cup_group_b_18/,1u9hfc0,top_comment
Tartan Army fan stayed in same hotel where an unrelated shooting happened. Fixed the headline.,analysis,,osfr7hf,https://old.reddit.com/r/worldcup/comments/1u9dq3s/tartan_army_fan_caught_up_in_shooting_at_hotel/,1u9dq3s,top_comment
"That was such a cowardly game from Czechia, why are you parking the bus 7 minutes in? Kudos to SA for taking advantage of it and finding the equalizer.",analysis,,osfdd8r,https://old.reddit.com/r/worldcup/comments/1u9dhiu/postmatch_thread_czech_republic_11_south_africa/,1u9dhiu,top_comment
Funny enough I think France is a lot like England. Versatile Attack with Endless Options. Limited but Effective Midfield Choices...difference is really England has an inferior Defense.,analysis,,osf2g96,https://old.reddit.com/r/worldcup/comments/1u9918g/england_42_croatia_what_has_been_said_in_the/,1u9918g,top_comment
"Keep making excuses, it's not like this is a one game thing, it's been 2 tournaments last WC and Euros he was one of the worst players both tournaments and now will probably be the same. He is just poor, he drops deep sometimes and looks so clumsy in tight spaces, poor link up, lost his pace, shoots from silly angles, even his positioning is not what it was. Great player, one of the top 5 ever but he has to stop forcing it.",analysis,,ose2fgx,https://old.reddit.com/r/worldcup/comments/1u97f8m/even_the_referee_made_a_forward_runbut_im/,1u97f8m,top_comment
"It's hard to deny that this has been the best World Cup ever. Every massive stadium is packed to capacity, creating an incredibly intense atmosphere. There hasn’t been a single boring scoreless draw. Messi’s hat trick, Mbappé’s and Haaland’s braces. Could this tournament become the greatest World Cup in history?",analysis,"Capacity crowds, named star performances, and match characteristics are specific evidence connected to the 'best ever' judgment, so analysis.",1u96jxa,https://old.reddit.com/r/worldcup/comments/1u96jxa/its_hard_to_deny_that_this_has_been_the_best/,1u96jxa,post
"Worst player last WC Worst player last Euros People thought the trend would not continue because of some Saudi and NL goals? LOL. He's 4 year older and even more washed than 2022, just sucks for Portugal they could do big things without Homelander.",analysis,,osdpco1,https://old.reddit.com/r/worldcup/comments/1u95f6o/playing_with_ronaldo_in_your_team_is_playing_with/,1u95f6o,top_comment
"The AT&T should have been chosen to hold the World Cup final I still think AT&T Stadium would have been the perfect place to hold the World Cup final. No disrespect to MetLife — it has the New York market and a huge capacity — but the final is supposed to be the biggest sporting event on Earth, and AT&T feels built for that level of spectacle. The architecture alone is iconic: the massive scale, the enormous center-hung video board, the retractable roof, the climate-controlled environment, and the overall futuristic feel make it stand out from almost any stadium in the world. For a global TV audience, the visuals matter, and AT&T would instantly communicate “this is the biggest event possible.” It also removes the risk of bad weather affecting the biggest match in football. MetLife is large, but it’s ultimately a fairly traditional open-air NFL stadium; AT&T feels like a modern colosseum designed to create a once-in-a-generation show. For a World Cup final, I think that wow factor should have counted for more.",analysis,,1u952na,https://old.reddit.com/r/worldcup/comments/1u952na/the_att_should_have_been_chosen_to_hold_the_world/,1u952na,post
"U.S. Soccer Needed a World Cup Strategy. It Turned to the ‘Pentagon.’ As the U.S. ran riot in its opening game of the World Cup, the man in the opposing dugout could tell exactly what was happening. The Americans were scoring goals for fun, cutting off passing moves before they began, and completely owning the middle of the field. That’s when Paraguay coach Gustavo Alfaro recognized the shape that has long instilled fear into American adversaries across the globe. “They were setting up a pentagon,” he said, “to build attacks.” The capital-P version outside Washington, D.C. might house America’s chief military strategists, but any tactical mind could appreciate the importance of America’s soccer pentagon to this World Cup campaign. The four U.S. goals in the victory over Paraguay were the most ever scored by the Americans in the history of the tournament. And as the team prepares to play its second group stage game against Australia on Friday in Seattle, that shape also explains the more aggressive strategy adopted under coach Mauricio Pochettino. Read more about the subtle tactical shift that helped unlock the American attack (free link): https://www.wsj.com/sports/soccer/us-soccer-world-cup-pentagon-pulisic-balogun-5cbf350e?st=FqUfRt&mod-wsjreddit",analysis,,1u94zml,https://old.reddit.com/r/worldcup/comments/1u94zml/us_soccer_needed_a_world_cup_strategy_it_turned/,1u94zml,post
"Tough loss, but I've never been more proud of my country I've been watching uzbekistan play futbol since i was 2 weeks old, and to see them here on the biggest stage performing well, especially at the end, is so fantastic. I was tearing up after fazyullaev scored that first one for us, it was such an incredible feeling, OUR FIRST WORLD CUP GOAL EVER. Yes, we lost, but the fact that we actually kept it somewhat even, and even dominated a klittle at the end, feels so surreal. I still remember a team that used to get easily crushed 5, 6 to nothing back in the days, but the fact that the players stepped up, played with intensity, and performed well makes me feel so proud. I hope we can keep it up and make it out of the group stage, but even if not, this is an experience I will never forget. And for all of you hating on uzbekistan, man fuck yall. Yes, we may not be good, but we made it here, and we're going home with all these super special once-in-a-lifetime experiences. LETS GO UZBEKISTAN!!!",analysis,,1u94y97,https://old.reddit.com/r/worldcup/comments/1u94y97/tough_loss_but_ive_never_been_more_proud_of_my/,1u94y97,post
Argentina vs France 2022 WC Final — Shot map & xG race built with StatsBomb open data [OC] First football analytics post. Used StatsBomb open data + Python (mplsoccer) to analyse every shot from the 2022 World Cup Final. Key finding: Argentina dominated xG for 80 minutes. France barely existed until Mbappe's insane 10-minute burst that took them from 0.1 to 2.5 xG. Shot map and full xG race chart in the article. All code available on request. Full write-up: https://open.substack.com/pub/thespatialscoutt/p/argentina-didnt-just-win-the-2022 Happy to answer questions on the methodology.,analysis,,1u936re,https://old.reddit.com/r/worldcup/comments/1u936re/argentina_vs_france_2022_wc_final_shot_map_xg/,1u936re,post
"What were Portugal actually trying to do yesterday? In all seriousness, what were Portugal trying to do yesterday? After Neves scored in the 6th minute, Portugal literally only had one attempted shot between the 6th to 68th minute. Not one shot on target, one actual shot attempt during that hour of play. And that was also while having 75% possession. To be blunt, how in the world is that actually possible? I keep seeing post after post about Ronaldo. Yet it appears the likes of Bruno, Bernardo, Vitinha, Neves, Neto, Conceicao, Cancelo, Mendes, etc didn’t play yesterday. Because virtually all the discourse about Portugal is only about Ronaldo. Forget Ronaldo for a moment. Put Haaland, Gyokeres, Lewandowski, etc up top yesterday and nothing changes. Even Ramos came on for 15 minutes and literally did not touch the ball once for Portugal. At what point, how are the Portuguese players beside Ronaldo not just shooting the ball themselves? Because it genuinely looked like they thought winning the possession stats and playing keep away equated to winning the match. In particular, do Vitinha, Neves, and Bernardo know how to play a forward pass? Backwards, sideways, backwards, sideways…again and again and again. All this focus on Ronaldo is baffling to me. Because it genuinely looked the other key attacking players for Portugal had zero interest in, ya know, attacking. What were they actually doing?",analysis,,1u8zmji,https://old.reddit.com/r/worldcup/comments/1u8zmji/what_were_portugal_actually_trying_to_do_yesterday/,1u8zmji,post
"Data is irrelevant, in the end all that matters is the score",reasoned_opinion,Paused between reasoned_opinion and unsupported_take; it gives a relevant general principle—that only the score ultimately determines the result—even though it dismisses richer evidence.,oszyfvf,https://old.reddit.com/r/worldcup/comments/1ubz5eb/portugal_11_dr_congo_congo_had_higher_xg_despite/,1ubz5eb,top_comment
People for some reason think it’s the same Belgium as 12 years ago.,reasoned_opinion,,oszxhhp,https://old.reddit.com/r/worldcup/comments/1ubz3yr/what_happened_to_belgium_they_are_not_playing_good/,1ubz3yr,top_comment
"Why does football still use the concept of ""own goals""? In football, when a defender accidentally deflects the ball into their own net, we actively label them with an ""own goal."" We essentially make them the official scapegoat in the match statistics, even though most of these situations are just unlucky deflections from a dangerous cross or a split-second reflex. Rewriting the rules to credit the attacker would reward offensive initiative and, more importantly, protect defenders from immense psychological pressure and public backlash.",reasoned_opinion,"The post gives a general rationale about incentives and player pressure but no concrete match evidence, so reasoned_opinion rather than analysis.",1ubw7b2,https://old.reddit.com/r/worldcup/comments/1ubw7b2/why_does_football_still_use_the_concept_of_own/,1ubw7b2,post
"Spain isn't even playing good, Saudi's are just bad.",reasoned_opinion,,osz0626,https://old.reddit.com/r/worldcup/comments/1ubuy8k/spain_goal_compilations_at_the_first_half_of_the/,1ubuy8k,top_comment
"Usually the phone stays in the pocket, but for this one the freekick was right beside goal, so high chance for something to happen",reasoned_opinion,,osz4fih,https://old.reddit.com/r/worldcup/comments/1ubtxpb/my_pov_view_of_usa_goal_2_at_usa_vs_australia/,1ubtxpb,top_comment
"I think that performance in this tournament should outweigh current world ranking. Otherwise just crown a champion based off world ranking every fourth year. I’d be okay with a seeding system rather than a bracket. So the highest group winner(points, then GD, etc) plays the last qualifying third place team and so on.",reasoned_opinion,"The proposed seeding principle has a relevant rationale but relies on a hypothetical rather than observed tournament evidence, so reasoned_opinion.",osyprd0,https://old.reddit.com/r/worldcup/comments/1ubts77/ko_stage_seeding_thoughts_change_seems_like_it/,1ubts77,top_comment
Superior all round team? Give me a break you played Paraguay and Australia. You need to get humbled in the knockouts,reasoned_opinion,,osynrci,https://old.reddit.com/r/worldcup/comments/1ubtiiv/the_us_men_are_beginning_to_look_like_the_team_we/,1ubtiiv,top_comment
"This was my first world cup experience and it was truly amazing. As a Houstonian football was not very popular growing up, now i am obsessed!!! Thank you to all!",reasoned_opinion,,osxyva8,https://old.reddit.com/r/worldcup/comments/1ubqly7/this_is_what_its_all_about_uniting_the_world_one/,1ubqly7,top_comment
"wild group, Curacao sneaking into 3rd place contention is not something I had on my bingo card",reasoned_opinion,,osxt3b7,https://old.reddit.com/r/worldcup/comments/1ubpu35/2026_fifa_world_cup_group_e_permutations_ger_cuw/,1ubpu35,top_comment
"World Cup 2026: Fastest World Cup to 100 goals in 68 years - does new format skew figures? Balls, heat, or curaçao? The bbc is obviously running out of ideas . This answer seems obvious, but I’m curious what else the expanded format impacts.. will these mid-matches change the golden boot race? And will the expanded format give a long term advantage to teams like the USA who were top seed for the first time ( since 94 when they got the host seed advantage)",reasoned_opinion,,1ubo4pp,https://old.reddit.com/r/worldcup/comments/1ubo4pp/world_cup_2026_fastest_world_cup_to_100_goals_in/,1ubo4pp,post
"However, Doku's plan to leave the USA and return home has brought fierce criticism from L'Equipe channel presenter France Pierron, who labelled a father ""completely useless"" at the time of their child's birth. Not true, I would believe the mere presence of the father would help the mother during the birthing process. ""There are hundreds of footballers who would kill to be in your shoes. It might never happen again in your life. What nonsense. The birth of his child will DEFINITELY never happen again if he misses it.",reasoned_opinion,"The argument for attending a child's birth is logically relevant but general rather than evidence-based, so reasoned_opinion.",osxs1kj,https://old.reddit.com/r/worldcup/comments/1ubmroi/world_cup_2026_jeremy_doku_criticised_over_plan/,1ubmroi,top_comment
"I love all the comments on here saying how Curacao should feel about their own history. These silly little black islanders obviously dont understand concepts like colonialism and racism, good job educating them!",reasoned_opinion,,osxhvow,https://old.reddit.com/r/worldcup/comments/1ublm53/dutch_royals_visit_curaçaos_locker_room_after/,1ublm53,top_comment
"Feels more like recency bias tbh. It’s been a fun group stage with some chaos, but every World Cup has had its own wild moments so best ever is kinda hard to pin down.",reasoned_opinion,,osx7ogt,https://old.reddit.com/r/worldcup/comments/1ubk8jl/is_this_world_cup_really_the_best_at_the_group/,1ubk8jl,top_comment
"Japan will be the first non European and South American country to win the world cup It has to be said they are becoming a force to be reckoned with in the football world. Their tactics and training are to be admired and their fan support is fanatical and inspiring. The so called ""100 year plan"" is definitely taking shape and shows its working. It might not be this year give it a few years and watch them become big contenders.",reasoned_opinion,"The prediction is supported by broad references to tactics, training, and a long-term plan, not concrete results or events, so reasoned_opinion.",1ubj5hc,https://old.reddit.com/r/worldcup/comments/1ubj5hc/japan_will_be_the_first_non_european_and_south/,1ubj5hc,post
"I think Japan can go far, but to actually win the World Cup you need elite talent in multiple positions and depth. It’s like Croatia played well but at the end their is always that elite team that is just too good no matter what",reasoned_opinion,,oswracm,https://old.reddit.com/r/worldcup/comments/1ubj5hc/japan_will_be_the_first_non_european_and_south/,1ubj5hc,top_comment
Refreshing seeing a team not diving every two minutes. Wonderfully played by Japan.,reasoned_opinion,,osw91oy,https://old.reddit.com/r/worldcup/comments/1ubi5ap/postmatch_thread_tunisia_04_japan_world_cup_group/,1ubi5ap,top_comment
"Because I'm American and I like soccer/futbol/football, my feeds are full of these types of videos. I have no complaints.",reasoned_opinion,,osyoce7,https://old.reddit.com/r/worldcup/comments/1ubgj8b/brazilian_fans_gathering_at_the_rocky_steps_in/,1ubgj8b,top_comment
"the last two world cups have made me a huge japan fan. gorgeous kits, beautifully quick counterattacks, a massive traveling fanbase. a delight to watch.",reasoned_opinion,"Kits, quick counterattacks, and fan support explain the preference but remain general observations, so reasoned_opinion.",osvwoxz,https://old.reddit.com/r/worldcup/comments/1ubea5e/match_thread_tunisia_vs_japan_world_cup_group_f/,1ubea5e,top_comment
Rooting for Belgium by 3 for the 13% chance at playing Iran.,reasoned_opinion,,osutapt,https://old.reddit.com/r/worldcup/comments/1ubb2mx/whats_at_stake_qualification_chances_for_each/,1ubb2mx,top_comment
"I may be saying something controversial, but I'll say it. If African teams had the same budget as European teams, they would've won several World Cups already.",reasoned_opinion,,osucrjg,https://old.reddit.com/r/worldcup/comments/1ub7e0t/ivory_coast_côte_divoire_scored_a_goal_against/,1ub7e0t,top_comment
"I've lost a sibling. This was a hard read. I was already rooting for Cote d'Ivoire, now I am even more, and Yan especially.",reasoned_opinion,,osuxyfl,https://old.reddit.com/r/worldcup/comments/1ub595c/i_wrote_this_because_i_cannot_speak_about_it_yan/,1ub595c,top_comment
"Is it just me, or is the standard of goalkeeping in this WC pretty poor? Have watched a lot of the games so far, and I am far from impressed with a lot of the goalkeeping displays. Anyone agree?",reasoned_opinion,,1ub4dtj,https://old.reddit.com/r/worldcup/comments/1ub4dtj/is_it_just_me_or_is_the_standard_of_goalkeeping/,1ub4dtj,post
No Vozinha just raised the bar too damn high,reasoned_opinion,,ost8tne,https://old.reddit.com/r/worldcup/comments/1ub4dtj/is_it_just_me_or_is_the_standard_of_goalkeeping/,1ub4dtj,top_comment
"Yeah because Saudi Arabia, Qatar, Mexico, Russia, south Africa, and Morocco have stellar, non-corrupt governments with absolutely no human rights violation track records /s 🤣🤣🤣🤣",reasoned_opinion,,ost6wu0,https://old.reddit.com/r/worldcup/comments/1ub3itf/what_it_takes_for_colombia_ecuador_venezuela_to/,1ub3itf,top_comment
"Do we see any dribbling, tricks and and joga bonito in this World Cup? As the title says, in the past I was religiously watching every World Cup game trying look for any ball tricks, dribbling and good plays. It seems nowadays it is all tactics and zone play and not much tricks and attractive dribbling plays. I was hoping some players would present some of their new moves on the world stage. Haven't seen much yet.",reasoned_opinion,,1ub3ecy,https://old.reddit.com/r/worldcup/comments/1ub3ecy/do_we_see_any_dribbling_tricks_and_and_joga/,1ub3ecy,post
This World Cup is peak viewing in California. And I’m loving it. Four games between 1000 and 2100. Time in between to run errands. USA bombing their group. Lil’ sativa bump. Maybe a Modelo. Pure enjoyment.,reasoned_opinion,,1ub1wq0,https://old.reddit.com/r/worldcup/comments/1ub1wq0/this_world_cup_is_peak_viewing_in_california_and/,1ub1wq0,post
Considering Africa and Asia had been shafted for generations and mostly either at war or colonised it's no surprise- they had a lot more to focus on than the World Cup- most of these modern countries didn't exist for biggest part of the past 100 years.,reasoned_opinion,"The historical explanation is causally relevant but broad and uncited, so reasoned_opinion rather than analysis.",osujo5j,https://old.reddit.com/r/worldcup/comments/1uayrzx/through_almost_100_years_of_world_cup_competition/,1uayrzx,top_comment
"Stu Holden is most underrated color commentator at WC I know everyone wants to complain about US soccer color commentators. And some for good reasons. Donovan is awful. He has absolutely zero feel how live commentary works. But the more I listen, Stu, the better he sounds. He is really good at explaining tactics, explaining the current situation on the field, and giving analysis what teams should change in their game. He has very good chemistry with play by play guy, and he knows to not interfere when it's not time. He is equivalent to Chris Collisworth. Guy, who is really good at explaining football , but it's also not very liked by masses because he sounds a little bit elitist",reasoned_opinion,,1uayo1y,https://old.reddit.com/r/worldcup/comments/1uayo1y/stu_holden_is_most_underrated_color_commentator/,1uayo1y,post
"Thoughts on new rule that if a player covers their mouth while approaching an opponent, it’s an immediate red? Ever since what happened with Vini, I think it’s reasonable, if you’re going to say something nasty, say it with your chest. almiron definitely said something foul. (when I mean approaching I mean confronting)🫩",reasoned_opinion,"The Vini reference motivates the rule preference, but the post supplies no recoverable details of that event; the usable rationale is general, so reasoned_opinion.",1uay8e6,https://old.reddit.com/r/worldcup/comments/1uay8e6/thoughts_on_new_rule_that_if_a_player_covers/,1uay8e6,post
"If you’re going to trash talk, be man enough to do it without covering your mouth. And if you’re going to hurl racist comments, get off the pitch because nobody wants your kind around. So it’s a good rule.",reasoned_opinion,,osru5bl,https://old.reddit.com/r/worldcup/comments/1uay8e6/thoughts_on_new_rule_that_if_a_player_covers/,1uay8e6,top_comment
"Ngl I am having a hard time feeling bad for the team. They were arrogant, without cause and looked disorganized from the get-go. I do feel for the supporters but the players can jog on.",reasoned_opinion,,osrt3w9,https://old.reddit.com/r/worldcup/comments/1uao49l/türkiye_last_opportunity_at_the_türkiye_vs/,1uao49l,top_comment
Reffing hasn't been great all the time this cup but I must admit I love watching players flop and then just get up cuz the ref doesn't give a single fuck,reasoned_opinion,,osp7ehp,https://old.reddit.com/r/worldcup/comments/1uajjb0/match_thread_turkey_vs_paraguay_world_cup_group_d/,1uajjb0,top_comment
The new tiebreaker system actually makes sense once you break it down. Head-to-head records between tied teams instead of goal differential is way cleaner and rewards consistency against your direct competitors rather than just running up the score against weaker opponents.,reasoned_opinion,"The direct-opponent principle is a relevant general rationale illustrated hypothetically, so reasoned_opinion.",osp4qwq,https://old.reddit.com/r/worldcup/comments/1uaii6g/fifa_alters_how_world_cup_tables_work_it_changes/,1uaii6g,top_comment
"USA has great stadiums, it’s been awesome watching the games and the crowd",reasoned_opinion,,osntp83,https://old.reddit.com/r/worldcup/comments/1uadeyd/usa_world_cup_goals_are_literally_shaking/,1uadeyd,top_comment
Welcome to contact sports lmao,reasoned_opinion,,osnevbm,https://old.reddit.com/r/worldcup/comments/1uacmuh/why_are_defensive_tactics_so_dirty_this_time_why/,1uacmuh,top_comment
"The goal of the tournament is get the best teams there, while still giving everybody a chance. Hope this helps.",reasoned_opinion,,osk4644,https://old.reddit.com/r/worldcup/comments/1u9zj1b/as_football_fans_we_need_to_talk_about_how_unfair/,1u9zj1b,top_comment
Would love to see Scotland-Norway - must be a fantastic stadium experience.,reasoned_opinion,,osjvtnq,https://old.reddit.com/r/worldcup/comments/1u9tf10/no_shields_no_swords_just_football_norway_fifa/,1u9tf10,top_comment
I like it better because why would beating a low rank team 12-1 be a greater accomplishment than beating a top team 1-0,reasoned_opinion,,osjauz9,https://old.reddit.com/r/worldcup/comments/1u9qkkv/2026_fifa_world_cup_group_a_permutations_mex_rsa/,1u9qkkv,top_comment
Looks like some shit you would get at any shopping mall in 2013 Idk why a basic floral pattern is something worth glazing as the best kit in the world cup,reasoned_opinion,,oslsqgz,https://old.reddit.com/r/worldcup/comments/1u9nurw/is_this_the_best_world_cup_kit_south_koreas_jacket/,1u9nurw,top_comment
I was at the game. It was incredible. I hope this moves the needle a bit to improve soccers popularity in Canada.,reasoned_opinion,,oshutgx,https://old.reddit.com/r/worldcup/comments/1u9nqvb/statmuse_canadas_60_win_over_qatar_is_the_largest/,1u9nqvb,top_comment
"Unpopular opinion, but you shouldn't be able to host the world cup if you have never qualed before",reasoned_opinion,,osho2ma,https://old.reddit.com/r/worldcup/comments/1u9nbuu/canadas_victory_today_means_qatar_remains_the/,1u9nbuu,top_comment
"It's all of the parties. It's just a bit of fun, lighten up",reasoned_opinion,,osjwe76,https://old.reddit.com/r/worldcup/comments/1u9kqby/norwegian_parliament_performing_the_viking_row/,1u9kqby,top_comment
This needs to start happening to politicians with criminal records.,reasoned_opinion,,osh7oak,https://old.reddit.com/r/worldcup/comments/1u9ch5u/ivory_coast_striker_elye_wahi_denied_canadian/,1u9ch5u,top_comment
"Glad to hear he is doing well, Jorge has been a huge part of Messi's life and success throughout his career.",reasoned_opinion,,osg2qhi,https://old.reddit.com/r/worldcup/comments/1u9c8yd/statement_from_the_messi_family_jorge_messi_is/,1u9c8yd,top_comment
Didn't u watch the world cups before? Every stadium gets packed in every world cup,reasoned_opinion,,osdogx2,https://old.reddit.com/r/worldcup/comments/1u96jxa/its_hard_to_deny_that_this_has_been_the_best/,1u96jxa,top_comment
Not a good place to ask this question. Better to go to an actual stadium and ask the fans in attendance. Much less bias.,reasoned_opinion,,osdmq83,https://old.reddit.com/r/worldcup/comments/1u95u5t/europeans_going_to_the_world_cup_how_long_did_you/,1u95u5t,top_comment
"NYC is an easier international destination for most of the world, and NYC is a way better tourist city than Dallas. Also the time difference is easier to adjust for viewers around the world. Stadium alone is not the deciding factor.",reasoned_opinion,,osdelbf,https://old.reddit.com/r/worldcup/comments/1u952na/the_att_should_have_been_chosen_to_hold_the_world/,1u952na,top_comment
"OP, My team Ireland didnt qualify... so I am supporting Sweden as my ex is Swedish and my son was born in Sweden.. However in my local bar in the World Cup Sweep Stakes.. I got your Country... Uzbekistan.. I know nothing about them.. but I am putting my support behind them as much as Sweden.. Lets go Uzbekistan",reasoned_opinion,,osfpw31,https://old.reddit.com/r/worldcup/comments/1u94y97/tough_loss_but_ive_never_been_more_proud_of_my/,1u94y97,top_comment
Trying to appease a passed his prime former superstar's ego instead of playing to win the game.,reasoned_opinion,,osepvbo,https://old.reddit.com/r/worldcup/comments/1u8zmji/what_were_portugal_actually_trying_to_do_yesterday/,1u8zmji,top_comment
"After watching Yesterdays match with DR Congo, how much chance you think Portugal has in this world cup? I saw a team that lacked the intent to attack and the heart to take chances....",reasoned_opinion,,1u8z3ec,https://old.reddit.com/r/worldcup/comments/1u8z3ec/after_watching_yesterdays_match_with_dr_congo_how/,1u8z3ec,post
"The controversial 48 team expansion which I originally hated has come around for me. There’s been some incredible moments from teams we didn’t expect. And I love how much fun everyone is having. Crowds showing up to other sports, parades, colourful stadiums. It’s a good time. And it’s what the world needs right now.",reasoned_opinion,,oscijdz,https://old.reddit.com/r/worldcup/comments/1u8ypre/now_that_all_teams_have_played_their_first_match/,1u8ypre,top_comment
"He simply isnt a team player. Thierry perfectly explained his problem in just one sentence. I have a feeling that ronaldos ego is Portugals biggest obstacle to achieving a great run at the WC, because they have quality in abundance, and things like this destroy the teams chemistry. Ronaldo should realize that the Paris based core of the squad is Portugals greatest strength, not him, and he should adjust his role on the pitch accordingly. Age has caught up with him, but he cant seem to admit it to himself",reasoned_opinion,,osbpwp9,https://old.reddit.com/r/worldcup/comments/1u8x3xu/cristiano_ronaldo_in_portugal_lack_of_respect_for/,1u8x3xu,top_comment
"While Messi's presence is inspiring his team, Ronaldo's presence is dragging the team down. That's the difference. Messi is no longer trying to be the central figure in the team, unlike Ronaldo.",reasoned_opinion,,osc2ywf,https://old.reddit.com/r/worldcup/comments/1u8wtgd/thierry_henry_on_ronaldo_after_sour_portugal_game/,1u8wtgd,top_comment
"Getting him back healthy before Qatar is huge, that could shift how the whole group plays out for Canada.",reasoned_opinion,,osbr4zp,https://old.reddit.com/r/worldcup/comments/1u8uoc5/canada_captain_alphonso_davies_available_to_play/,1u8uoc5,top_comment
"Remember that Congo is a country currently torn apart by civil war, so huge respect to that team.",reasoned_opinion,,os8nqi1,https://old.reddit.com/r/worldcup/comments/1u8j7jf/postmatch_thread_portugal_11_congo_dr_world_cup/,1u8j7jf,top_comment
All of these European teams are fucking around with the African ones and they are finding out lol.,reasoned_opinion,,os8azzr,https://old.reddit.com/r/worldcup/comments/1u8hg0a/what_a_spectacular_header_from_wissa_portugal_11/,1u8hg0a,top_comment
"With the proliferation of betting markets, expect more of this, which is really not new.",reasoned_opinion,,os82w5q,https://old.reddit.com/r/worldcup/comments/1u8d01q/ivory_coast_player_elye_wahi_arrested_for_alleged/,1u8d01q,top_comment
"Looks like an old-school Football Manager simulation, but the different camera angles are actually pretty cool.\",reasoned_opinion,,os76m4n,https://old.reddit.com/r/worldcup/comments/1u8cs6i/bbcs_3d_replay_watcher_is_very_fun_being_able_to/,1u8cs6i,top_comment
"One of the reasons why I think the 48 team expansion was needed ❤️ its really cute and awesome that teams from smaller countries (curcao and cape verde) got to realize their dream on the world stage. It must've been a nightmare logistics wise but these men, regardless of where they're from, should be able to see their dream on football's biggest stage.",reasoned_opinion,"The smaller nations' opportunity to participate supplies a relevant value-based rationale without detailed evidence, so reasoned_opinion.",os7jo9t,https://old.reddit.com/r/worldcup/comments/1u8coh2/viral_cabo_verdean_world_cup_goalie_to_be/,1u8coh2,top_comment
Dear Roxane | By Yan Diomande (RB Leipzig | Ivory Coast) One of those stories that reminds you of how much the World Cup means to so many players. A truly beautiful game indeed.,reasoned_opinion,,1u8a55f,https://old.reddit.com/r/worldcup/comments/1u8a55f/dear_roxane_by_yan_diomande_rb_leipzig_ivory_coast/,1u8a55f,post
So that's what Mexican women are like? How disgusting!,unsupported_take,,1ubzc8n,https://old.reddit.com/r/worldcup/comments/1ubzc8n/so_thats_what_mexican_women_are_like_how/,1ubzc8n,post
Iran Faces Belgium with World Cup’s Most Politically Tense Match in Sight,unsupported_take,,1ubza6c,https://old.reddit.com/r/worldcup/comments/1ubza6c/iran_faces_belgium_with_world_cups_most/,1ubza6c,post
JONATHAN DAVID IS GOING TO WIN THE MVP LETS GO CANADA ALLEZ LE COUPE ALLEZ LE ROUGE ITS COMING A LA MAISON OUR SPORT,unsupported_take,,1ubz457,https://old.reddit.com/r/worldcup/comments/1ubz457/jonathan_david_is_going_to_win_the_mvp_lets_go/,1ubz457,post
I want this kind of delusional support in my life. I respect it,unsupported_take,,oszy3im,https://old.reddit.com/r/worldcup/comments/1ubz457/jonathan_david_is_going_to_win_the_mvp_lets_go/,1ubz457,top_comment
What happened to Belgium? They are not playing good As title. They were ranked high going into the World Cup with an easier bracket and they are struggling so bad,unsupported_take,,1ubz3yr,https://old.reddit.com/r/worldcup/comments/1ubz3yr/what_happened_to_belgium_they_are_not_playing_good/,1ubz3yr,post
Based on this result I can only conclude Cape Verde is a better team than Argentina.,unsupported_take,"The transitive comparison is logically insufficient evidence, so the substantive implied claim is unsupported_take despite the joking delivery.",oszfcg4,https://old.reddit.com/r/worldcup/comments/1ubwqy2/postmatch_thread_spain_40_saudi_arabia_world_cup/,1ubwqy2,top_comment
This makes Cabo Verde look even more impressive,unsupported_take,,osysln5,https://old.reddit.com/r/worldcup/comments/1ubrfvj/match_thread_spain_vs_saudi_arabia_world_cup/,1ubrfvj,top_comment
I think Japan is going to smoke Sweden.,unsupported_take,,osz34jt,https://old.reddit.com/r/worldcup/comments/1ubpvhr/2026_fifa_world_cup_group_f_permutations_ned_jpn/,1ubpvhr,top_comment
Just wait for the real tournament to start in the round of 32.,unsupported_take,"The comment implies that knockout matches are stronger, but supplies no meaningful support for dismissing the group stage, so unsupported_take.",osykdwr,https://old.reddit.com/r/worldcup/comments/1ubo4pp/world_cup_2026_fastest_world_cup_to_100_goals_in/,1ubo4pp,top_comment
He drinks breaks are an absolute disgrace to football. Shame on FIFA.,unsupported_take,,osxbu2k,https://old.reddit.com/r/worldcup/comments/1ubkdeh/the_621_daily_discussion_megathread_talk_here/,1ubkdeh,top_comment
Moments like this makes World Cup special #FIFAWC2026,unsupported_take,,1ubj3qh,https://old.reddit.com/r/worldcup/comments/1ubj3qh/moments_like_this_makes_world_cup_special/,1ubj3qh,post
bro is the luckiest saxophone player on earth to be hyped up this hard,unsupported_take,,osxry4r,https://old.reddit.com/r/worldcup/comments/1ubj3qh/moments_like_this_makes_world_cup_special/,1ubj3qh,top_comment
"Tunisian match today vs Japan today , such a shame First congratulations to the Japanese people well deserved But Dear Tunisian national team, This is a serious disgrace. You get the best salaries, the best treatment, the best food, and the best hotels all to represent our flag and carry our pride to the world. Yet somehow, none of that was enough to make you fight for it This is a country where people struggle every single day just to survive. For many of us, football is more than a game it’s one of the few things that gives us hope, joy, and a reason to dream. We live through you, we believe in you, and we stand by you no matter what. And yet, you still let us down. You still managed to throw it all away. That’s what hurts the most. 💔🇹🇳",unsupported_take,"Salary, treatment, and public hope do not demonstrate poor play; the supporting details are decorative, so unsupported_take.",1ubiqd4,https://old.reddit.com/r/worldcup/comments/1ubiqd4/tunisian_match_today_vs_japan_today_such_a_shame/,1ubiqd4,post
AND JAPAN DID IT AGAIN! 2-0 Japan vs Tunisia THEYRE NOT BACKING DOWN.,unsupported_take,,1ubgs36,https://old.reddit.com/r/worldcup/comments/1ubgs36/and_japan_did_it_again_20_japan_vs_tunisia_theyre/,1ubgs36,post
Sometimes it is better not to qualify,unsupported_take,,oswl1fb,https://old.reddit.com/r/worldcup/comments/1ubg8e6/fastest_goal_japan_made_in_world_cup_history/,1ubg8e6,top_comment
One of the most entertaining 0-0 draws I’ve seen,unsupported_take,,osvcqqa,https://old.reddit.com/r/worldcup/comments/1ubdqor/curacao_goalkeeper_eloy_room_makes_world_cup/,1ubdqor,top_comment
Games like these are why it’s crazy that some people think a 0-0 game is inherently boring. What a game!,unsupported_take,,osvbhsl,https://old.reddit.com/r/worldcup/comments/1ubdoyr/postmatch_thread_ecuador_00_curacao_world_cup/,1ubdoyr,top_comment
That Ivory Coast striker is going to have nightmare tonight.,unsupported_take,,osu8owd,https://old.reddit.com/r/worldcup/comments/1ub8tue/postmatch_thread_germany_21_côte_divoire_world/,1ub8tue,top_comment
IVORY COAST (Côte d’Ivoire) Coach reaction to their goal at the FIFA World Cup This guy is a bundle of joy,unsupported_take,,1ub7416,https://old.reddit.com/r/worldcup/comments/1ub7416/ivory_coast_côte_divoire_coach_reaction_to_their/,1ub7416,post
"“I wrote this because I cannot speak about it” - Yan Diomande’s tribute to his late sister 💔 It you haven’t yet read it, do yourself the favor of taking in grief and love in its highest form.",unsupported_take,,1ub595c,https://old.reddit.com/r/worldcup/comments/1ub595c/i_wrote_this_because_i_cannot_speak_about_it_yan/,1ub595c,post
I like him but Owen Hargreaves Jesus Lord. The Brits need to take him with them when they leave. Grab Phil Neville while your at it.,unsupported_take,,osrzg9m,https://old.reddit.com/r/worldcup/comments/1uayo1y/stu_holden_is_most_underrated_color_commentator/,1uayo1y,top_comment
How a warm World Cup welcome is endearing the US to fans,unsupported_take,,1uayhcm,https://old.reddit.com/r/worldcup/comments/1uayhcm/how_a_warm_world_cup_welcome_is_endearing_the_us/,1uayhcm,post
"Boston falls in love with Scotland’s Tartan Army, some expecting a baby boom Social media has lit up amid Scotland’s World Cup appearance at Boston Stadium, with Bostonians and Scots speculating whether the Tartan Army’s takeover in the Hub could lead to a baby boom.",unsupported_take,,1uaxil4,https://old.reddit.com/r/worldcup/comments/1uaxil4/boston_falls_in_love_with_scotlands_tartan_army/,1uaxil4,post
The son of a Super Bowl winner solidifies rowdy Seattle as a US soccer stronghold,unsupported_take,,1uas31f,https://old.reddit.com/r/worldcup/comments/1uas31f/the_son_of_a_super_bowl_winner_solidifies_rowdy/,1uas31f,post
"Great goal, great assist from Brahim Diaz.",unsupported_take,,osr0bvn,https://old.reddit.com/r/worldcup/comments/1uaqinc/saibari_strikes_after_70_seconds_as_morocco/,1uaqinc,top_comment
"He can stay there and continue watching his new homeland, while his old one flies back home.",unsupported_take,,osq1zjv,https://old.reddit.com/r/worldcup/comments/1uappne/the_exile_at_home_turkeys_world_cup_icon_in_the/,1uappne,top_comment
Brazils gonna make it,unsupported_take,,osp1eb5,https://old.reddit.com/r/worldcup/comments/1uaku0d/2026_fifa_world_cup_group_c_permutations_bra_mar/,1uaku0d,top_comment
Americans were definitely louder with their win.,unsupported_take,,osp3ekw,https://old.reddit.com/r/worldcup/comments/1uajj8p/seattles_pioneer_square_becomes_patriot_square/,1uajj8p,top_comment
World Cup Tourism Is Off to a Slow Start (NY Times) Why do you think World Cup tourism is not yet living up to expectations?,unsupported_take,,1uacj8f,https://old.reddit.com/r/worldcup/comments/1uacj8f/world_cup_tourism_is_off_to_a_slow_start_ny_times/,1uacj8f,post
Clickbait,unsupported_take,,osn5i5l,https://old.reddit.com/r/worldcup/comments/1uacj8f/world_cup_tourism_is_off_to_a_slow_start_ny_times/,1uacj8f,top_comment
I’ve heard enough let’s move it to Estadio Azteca,unsupported_take,,osm3ick,https://old.reddit.com/r/worldcup/comments/1ua1j8d/deschamps_criticizes_the_metlife_stadium_turf/,1ua1j8d,top_comment
"A Croatian fan passionately sings the national anthem, completely unfazed by the booing from England supporters. I wonder why it is so normalized to boo other country's anthem among England fans",unsupported_take,"The post makes a recoverable claim that anthem booing is normalized among England fans but offers no rationale, so unsupported_take.",1u9wclp,https://old.reddit.com/r/worldcup/comments/1u9wclp/a_croatian_fan_passionately_sings_the_national/,1u9wclp,post
"I get booing the other team, but booing the national anthem is too much.",unsupported_take,,oslcji4,https://old.reddit.com/r/worldcup/comments/1u9wclp/a_croatian_fan_passionately_sings_the_national/,1u9wclp,top_comment
Mexico looking really good tbh,unsupported_take,,osj6f7n,https://old.reddit.com/r/worldcup/comments/1u9u0o6/soccer_fans_in_the_metro_of_mexico_city_after/,1u9u0o6,top_comment
Why this World Cup could do for Canada what 1994 did for soccer in the U.S. https://www.latimes.com/sports/soccer/story/2026-06-18/why-this-world-cup-could-ignite-soccer-revolution-in-canada,unsupported_take,,1u9sv4z,https://old.reddit.com/r/worldcup/comments/1u9sv4z/why_this_world_cup_could_do_for_canada_what_1994/,1u9sv4z,post
Missed penalty call in 92nd minute Mexico v South Korea,unsupported_take,,1u9qikv,https://old.reddit.com/r/worldcup/comments/1u9qikv/missed_penalty_call_in_92nd_minute_mexico_v_south/,1u9qikv,post
Fifa doesn't like it when you try to go against their match fixing.,unsupported_take,,oshx67s,https://old.reddit.com/r/worldcup/comments/1u9ouo9/ivory_coasts_elye_wahi_denied_canada_visa_amid/,1u9ouo9,top_comment
Is this the best World Cup kit? South Korea's jacket South Korea's pre-match jacket is AWESOME https://www.sen.com.au/news/2026/06/18/fifa-world-cup-2026-live-scores-news-fixture-match-fixing https://preview.redd.it/t1nqkwlp158h1.png?width=964&format=png&auto=webp&s=a9e40d7afd6c00338f2d74d82eb6a4aa79772b02,unsupported_take,,1u9nurw,https://old.reddit.com/r/worldcup/comments/1u9nurw/is_this_the_best_world_cup_kit_south_koreas_jacket/,1u9nurw,post
Holy smokes Canada absolutely dominated,unsupported_take,,oshfcbj,https://old.reddit.com/r/worldcup/comments/1u9kmbr/jonathan_david_scores_for_canada_as_canada_went/,1u9kmbr,top_comment
'Looks good to me': Houston World Cup's hottest item may be a fake Ronaldo jersey,unsupported_take,,1u9ft48,https://old.reddit.com/r/worldcup/comments/1u9ft48/looks_good_to_me_houston_world_cups_hottest_item/,1u9ft48,post
"[Chakrabarti] Frank Leboeuf: “They’re favorites, but you have to prove it. France has only one enemy, France itself.”",unsupported_take,,1u9cjr8,https://old.reddit.com/r/worldcup/comments/1u9cjr8/chakrabarti_frank_leboeuf_theyre_favorites_but/,1u9cjr8,post
Even the referee made a forward run…But I’m supposed to believe Ronaldo was the main problem,unsupported_take,,1u97f8m,https://old.reddit.com/r/worldcup/comments/1u97f8m/even_the_referee_made_a_forward_runbut_im/,1u97f8m,post
These rankings are based on feels not reality of the first round games lol,unsupported_take,,osed0h2,https://old.reddit.com/r/worldcup/comments/1u97etc/reranking_the_48_world_cup_teams_after_day_7/,1u97etc,top_comment
"Thiery Henry's Analysis on the Portugal Game. ""The team needs to score. Not you need to score""",unsupported_take,,1u96na6,https://old.reddit.com/r/worldcup/comments/1u96na6/thiery_henrys_analysis_on_the_portugal_game_the/,1u96na6,post
I honestly think Portugal would have performed better if they didn't play Ronaldo.,unsupported_take,,osf58e9,https://old.reddit.com/r/worldcup/comments/1u96na6/thiery_henrys_analysis_on_the_portugal_game_the/,1u96na6,top_comment
"Playing with Ronaldo in your team is playing with a amateur Damn, this had to be a goal tho",unsupported_take,,1u95f6o,https://old.reddit.com/r/worldcup/comments/1u95f6o/playing_with_ronaldo_in_your_team_is_playing_with/,1u95f6o,post
Will Scotland Beat Morocco in Fridays World Cup Match? I think yes because nothing is impossible,unsupported_take,,1u901f9,https://old.reddit.com/r/worldcup/comments/1u901f9/will_scotland_beat_morocco_in_fridays_world_cup/,1u901f9,post
"I mean, anything can happen. But if I was forced at gunpoint to make a bet, I would go Morocco.",unsupported_take,,osc9oh1,https://old.reddit.com/r/worldcup/comments/1u901f9/will_scotland_beat_morocco_in_fridays_world_cup/,1u901f9,top_comment
"Nick Miller: Cristiano Ronaldo looks a sad shell of the great footballer he once was It's hard to let go. But Cristiano Ronaldo can’t do it anymore. Or at least, he can’t do it to anywhere near the standard required for Portugal, a team who, in theory, are among the favourites to win the World Cup.",unsupported_take,,1u8zryc,https://old.reddit.com/r/worldcup/comments/1u8zryc/nick_miller_cristiano_ronaldo_looks_a_sad_shell/,1u8zryc,post
"Bellingham, England’s man for elite moments, kicks over the console table | World Cup 2026 | The Guardian",unsupported_take,,1u8ygi9,https://old.reddit.com/r/worldcup/comments/1u8ygi9/bellingham_englands_man_for_elite_moments_kicks/,1u8ygi9,post
England surge to thrilling opening win in World Cup cracker with Croatia | World Cup 2026 | The Guardian,unsupported_take,,1u8ydba,https://old.reddit.com/r/worldcup/comments/1u8ydba/england_surge_to_thrilling_opening_win_in_world/,1u8ydba,post
"Cristiano Ronaldo in Portugal - lack of respect for the legend Is it possible that you have portugal team with all ""stars"" there that i cannot watch, especially Bruno Fernandes who wants to be like Cristiano but is not even till shoes of Cristiano. This players from Portugal should respect and play for Cristiano like Argentina celebrates Messi. The respect that Ronaldo recive is embaressing. I am dissapointement with new players and lack of respect that they have. Anyone share same thoughts?",unsupported_take,,1u8x3xu,https://old.reddit.com/r/worldcup/comments/1u8x3xu/cristiano_ronaldo_in_portugal_lack_of_respect_for/,1u8x3xu,post
"Thierry Henry on Ronaldo after sour Portugal game: 'Team needs to score, not you' One game and everything will change.",unsupported_take,,1u8wtgd,https://old.reddit.com/r/worldcup/comments/1u8wtgd/thierry_henry_on_ronaldo_after_sour_portugal_game/,1u8wtgd,post
Cucho Hernández with a spectacular assist to seal Columbia’s victory,unsupported_take,,1u8wc0h,https://old.reddit.com/r/worldcup/comments/1u8wc0h/cucho_hernández_with_a_spectacular_assist_to_seal/,1u8wc0h,post
Canada captain Alphonso Davies available to play vs. Qatar Phonsie is back!!!,unsupported_take,,1u8uoc5,https://old.reddit.com/r/worldcup/comments/1u8uoc5/canada_captain_alphonso_davies_available_to_play/,1u8uoc5,post
Did I smoke too much weed or was England actually entertaining for once?,unsupported_take,"The rhetorical joke still contains a contestable judgment about England's style, so unsupported_take rather than reaction_banter.",os9rf41,https://old.reddit.com/r/worldcup/comments/1u8o3q1/postmatch_thread_england_42_croatia_world_cup/,1u8o3q1,top_comment
What a spectacular header from Wissa. Portugal 1-1 DR Congo,unsupported_take,,1u8hg0a,https://old.reddit.com/r/worldcup/comments/1u8hg0a/what_a_spectacular_header_from_wissa_portugal_11/,1u8hg0a,post
[COPA90] Iraq's 40-Year Wait Ends: Inside Baghdad's Greatest Night,unsupported_take,,1u8foap,https://old.reddit.com/r/worldcup/comments/1u8foap/copa90_iraqs_40year_wait_ends_inside_baghdads/,1u8foap,post
Ronaldo spends most of the game walking in the offside,unsupported_take,"The observable offside-positioning claim implies a football judgment, but does not explain or substantiate it further, so unsupported_take.",os7x5e0,https://old.reddit.com/r/worldcup/comments/1u8dc8j/match_thread_portugal_vs_congo_dr_world_cup_group/,1u8dc8j,top_comment
Seismic signals in Norway correlates to goals during Irak-Norway game.,unsupported_take,,1u8c92n,https://old.reddit.com/r/worldcup/comments/1u8c92n/seismic_signals_in_norway_correlates_to_goals/,1u8c92n,post
"The one time Ferran scores, none believed it so they had to check VAR lmao",reaction_banter,,oszksvl,https://old.reddit.com/r/worldcup/comments/1ubxhs4/fifa_world_cup_2026_spain_vs_saudi_arabia_all/,1ubxhs4,top_comment
Match thread harder to find than the fucking yeti,reaction_banter,,oszlj4b,https://old.reddit.com/r/worldcup/comments/1ubvu9n/match_thread_belgium_vs_iran_world_cup_group_g_21/,1ubvu9n,top_comment
The beauty of sharing the first World Cup with your child (BBC) https://www.bbc.co.uk/sport/football/articles/cd957318ewdo,reaction_banter,,1ubr7i2,https://old.reddit.com/r/worldcup/comments/1ubr7i2/the_beauty_of_sharing_the_first_world_cup_with/,1ubr7i2,post
This is what its all about! Uniting the world one game at a time!! Thank you Oranje for coming to Houston🧡🇳🇱,reaction_banter,,1ubqly7,https://old.reddit.com/r/worldcup/comments/1ubqly7/this_is_what_its_all_about_uniting_the_world_one/,1ubqly7,post
Best vibe at from IVORY COAST (Côte d’Ivoire) fans in Times Square tonight We are always happy,reaction_banter,,1ubq8uc,https://old.reddit.com/r/worldcup/comments/1ubq8uc/best_vibe_at_from_ivory_coast_côte_divoire_fans/,1ubq8uc,post
I was really hoping they were going to pull it off yesterday,reaction_banter,,osxw4yu,https://old.reddit.com/r/worldcup/comments/1ubq8uc/best_vibe_at_from_ivory_coast_côte_divoire_fans/,1ubq8uc,top_comment
Lady gets bonked in the head from saved Ecuador shot,reaction_banter,,1ubiz88,https://old.reddit.com/r/worldcup/comments/1ubiz88/lady_gets_bonked_in_the_head_from_saved_ecuador/,1ubiz88,post
Get off of your phone!!,reaction_banter,,osxxjlw,https://old.reddit.com/r/worldcup/comments/1ubiz88/lady_gets_bonked_in_the_head_from_saved_ecuador/,1ubiz88,top_comment
When you've coached your team for 3 whole days and they still don't understand your philosophy,reaction_banter,,oswtqsj,https://old.reddit.com/r/worldcup/comments/1ubigbw/tunisia_manger_not_happy_with_the_play_of_his/,1ubigbw,top_comment
Brazilian fans gathering at the Rocky steps in Philly,reaction_banter,,1ubgj8b,https://old.reddit.com/r/worldcup/comments/1ubgj8b/brazilian_fans_gathering_at_the_rocky_steps_in/,1ubgj8b,post
FASTEST GOAL JAPAN MADE IN WORLD CUP HISTORY! Japan scores against Tunisia under 6 minutes,reaction_banter,,1ubg8e6,https://old.reddit.com/r/worldcup/comments/1ubg8e6/fastest_goal_japan_made_in_world_cup_history/,1ubg8e6,post
Italy in shambles,reaction_banter,,osvmfg6,https://old.reddit.com/r/worldcup/comments/1ubea07/tonight_is_the_1000th_match_in_fifa_world_cup/,1ubea07,top_comment
He went for the full on leg wrap and thought better of it lmaooo,reaction_banter,,ostzfhk,https://old.reddit.com/r/worldcup/comments/1ub7416/ivory_coast_côte_divoire_coach_reaction_to_their/,1ub7416,top_comment
"This morning at Rice University in Houston, Netherlands repeating crazy. Thank Netherlands national team for making Houston a incredible World Cup experience. Great food, keeping people hydrated and making a party atmosphere early this morning something I Will never forget. Edit: representing not repeating.",reaction_banter,,1ub6ard,https://old.reddit.com/r/worldcup/comments/1ub6ard/this_morning_at_rice_university_in_houston/,1ub6ard,post
Sweden last week: 5weden :) Sweden this week: 5weden :(,reaction_banter,,ost9dyh,https://old.reddit.com/r/worldcup/comments/1ub4jdy/postmatch_thread_netherlands_51_sweden_world_cup/,1ub4jdy,top_comment
Back to 4-1?,reaction_banter,,ost652n,https://old.reddit.com/r/worldcup/comments/1ub3rtp/anthony_elanga_scored_sweden_is_back_to_41_at_the/,1ub3rtp,top_comment
“Thumps”. Truly Yanny-Laurel esque though!,reaction_banter,,ost1kol,https://old.reddit.com/r/worldcup/comments/1ub3gbb/canadian_tsn_announces_now_swearing_on_a_live/,1ub3gbb,top_comment
Not sure if “USA bombing their group” is proper wording in 2026.,reaction_banter,,ossx4oz,https://old.reddit.com/r/worldcup/comments/1ub1wq0/this_world_cup_is_peak_viewing_in_california_and/,1ub1wq0,top_comment
That's the loudest BOO for the ad break I've heard yet,reaction_banter,,osspjgq,https://old.reddit.com/r/worldcup/comments/1uazdlg/match_thread_netherlands_vs_sweden_world_cup/,1uazdlg,top_comment
Awesome video from #CANMNT showing Ismaël Koné reuniting with his teammates after suffering a World Cup & season ending leg injury. Touching to see Moïse Bombito & Maxime Crépeau support & console him - they know that road to recovery feels like🥲🇨🇦🍁❤️,reaction_banter,,1uaz8r9,https://old.reddit.com/r/worldcup/comments/1uaz8r9/awesome_video_from_canmnt_showing_ismaël_koné/,1uaz8r9,post
Looks just like my cat when I make the bed,reaction_banter,,osrirtz,https://old.reddit.com/r/worldcup/comments/1uaukeo/official_world_cup_flag_holder_gets_stuck_in_a/,1uaukeo,top_comment
A black man with the last name of Freeman scoring a goal during Juneteenth ♥️,reaction_banter,,osri34i,https://old.reddit.com/r/worldcup/comments/1uas31f/the_son_of_a_super_bowl_winner_solidifies_rowdy/,1uas31f,top_comment
"Dropping the k on marks really changed how this read haha ""Oh no what happened?""",reaction_banter,,osslbst,https://old.reddit.com/r/worldcup/comments/1uanhrd/japan_v_tunisia_mars_1000th_game_in_fifa_history/,1uanhrd,top_comment
Fans Sing Country Roads in Seattle after the USA win,reaction_banter,,1uan69k,https://old.reddit.com/r/worldcup/comments/1uan69k/fans_sing_country_roads_in_seattle_after_the_usa/,1uan69k,post
Easily one of my favourite moments so far. Beautiful stuff from USA fans.,reaction_banter,,osprwln,https://old.reddit.com/r/worldcup/comments/1uan69k/fans_sing_country_roads_in_seattle_after_the_usa/,1uan69k,top_comment
Bravo to the Scottish fans for letting him hear their opinions on him :),reaction_banter,,osobvlj,https://old.reddit.com/r/worldcup/comments/1uaf80t/morocco_captain_achraf_hakimi_will_stand_trial/,1uaf80t,top_comment
If Scotland wins we will run out of alcohol.,reaction_banter,,osncrkz,https://old.reddit.com/r/worldcup/comments/1uacsu8/match_thread_scotland_vs_morocco_world_cup_group/,1uacsu8,top_comment
"Zlatan Ibrohimovic, a true American hero.",reaction_banter,,osmnb46,https://old.reddit.com/r/worldcup/comments/1ua8i1e/alexi_lalas_missing_from_usa_world_cup_pregame/,1ua8i1e,top_comment
"As a Brit, I’m looking forward to the former colonies derby.",reaction_banter,,osm8r5y,https://old.reddit.com/r/worldcup/comments/1ua85sn/match_thread_united_states_vs_australia_world_cup/,1ua85sn,top_comment
You could make it 96 teams and Italy would still find a way to miss the tournament,reaction_banter,,oslr2hy,https://old.reddit.com/r/worldcup/comments/1ua5rrl/dare_i_say_it_but_im_enjoying_the_48_teams_some/,1ua5rrl,top_comment
I had to overanalyze it one last time so no one else has to do it again! 😂,reaction_banter,,oslhscq,https://old.reddit.com/r/worldcup/comments/1ua4uw0/a_simple_guide_to_group_standings_3rd_place/,1ua4uw0,top_comment
"I laughed so hard when the pride match, having been designated before the groups were drawn, ended up pulling Iran & Egypt. Just perfect 👌",reaction_banter,,osk7m50,https://old.reddit.com/r/worldcup/comments/1u9y8kn/eleven_world_cup_nations_face_scrutiny_over/,1u9y8kn,top_comment
"Was it a spectacular win? Absolutely not, no. But was it a win nonetheless? Hell yes.",reaction_banter,,osj5jtn,https://old.reddit.com/r/worldcup/comments/1u9u0em/reportedly_400_000_fans_celebrated_the_mexico/,1u9u0em,top_comment
Can bih qat sui sounds like a delicious thai dish!,reaction_banter,,osiyoc1,https://old.reddit.com/r/worldcup/comments/1u9ril1/2026_fifa_world_cup_group_b_permutations_can_bih/,1u9ril1,top_comment
First World Cup?,reaction_banter,,osjjzch,https://old.reddit.com/r/worldcup/comments/1u9qwu4/who_came_up_with_the_idea_of_having_another/,1u9qwu4,top_comment
The haters said we couldn't do it And they were correct Honestly a great call from the haters,reaction_banter,,osi8dyn,https://old.reddit.com/r/worldcup/comments/1u9q9ln/postmatch_thread_mexico_10_korea_republic_world/,1u9q9ln,top_comment
Not since your mom has there been that many touches in the box.,reaction_banter,,osi7o6c,https://old.reddit.com/r/worldcup/comments/1u9nbgw/optajack_97_canada_made_97_touches_in_the/,1u9nbgw,top_comment
The ad breaks annoy me.,reaction_banter,,osht7tq,https://old.reddit.com/r/worldcup/comments/1u9n5g7/airbnb_spreading_lies_in_their_commercials_annoys/,1u9n5g7,top_comment
How you like us now you hosers,reaction_banter,,oshhya5,https://old.reddit.com/r/worldcup/comments/1u9n1ip/optajack_5_canada_is_the_first_team_from_outside/,1u9n1ip,top_comment
"If Mexico wins, I get tacos for lunch tomorrow. If South Korea wins, I’m getting Korean bbq for lunch tomorrow. If it’s a tie, I’m going to McDonald’s.",reaction_banter,,osho5nd,https://old.reddit.com/r/worldcup/comments/1u9lu7m/match_thread_mexico_vs_korea_republic_world_cup/,1u9lu7m,top_comment
Canada IS the house!,reaction_banter,,osh46al,https://old.reddit.com/r/worldcup/comments/1u9kflx/cyle_larin_opens_the_scoring_canada_is_off_and/,1u9kflx,top_comment
And their television technology was ahead of its time.,reaction_banter,,osi8unm,https://old.reddit.com/r/worldcup/comments/1u9kdk9/jordanian_fans_watching_a_world_cup_match_at_600/,1u9kdk9,top_comment
"USA vs Canada, Brazil vs Germany, Spain vs Mexico, Portugal vs England. Very spicy.",reaction_banter,,osgtvtn,https://old.reddit.com/r/worldcup/comments/1u9jex1/round_of_32_schedule_as_it_stands_updated_in_real/,1u9jex1,top_comment
Hooligans,reaction_banter,,osgsoca,https://old.reddit.com/r/worldcup/comments/1u9j4x9/tartan_army_does_the_slosh_on_the_hudson_river/,1u9j4x9,top_comment
Next match I'm gonna start watching from minute 70. You won't fool me three times Switzerland.,reaction_banter,,osgl8g4,https://old.reddit.com/r/worldcup/comments/1u9iab9/postmatch_thread_switzerland_41_bosnia_and/,1u9iab9,top_comment
5 goals and a red in 25 mins. Wild stuff.,reaction_banter,,osghq0i,https://old.reddit.com/r/worldcup/comments/1u9hq2w/manzambi_scores_a_goal_for_the_swiss_to_give_them/,1u9hq2w,top_comment
And this is how I realize it's been 16 years since South Africa hosted the World Cup...,reaction_banter,,osgy2p6,https://old.reddit.com/r/worldcup/comments/1u9eznq/teboho_mokoena_converted_a_penalty_to_score_the/,1u9eznq,top_comment
"Those are not ads, they are hydration breaks. Drink water",reaction_banter,,osg1op7,https://old.reddit.com/r/worldcup/comments/1u9da6j/power_ranking_all_48_world_cup_teams_from_worst/,1u9da6j,top_comment
Finally can watch football...sickos in the office had the audacity to ask me to do my job today,reaction_banter,,osftb4o,https://old.reddit.com/r/worldcup/comments/1u9cl3q/match_thread_switzerland_vs_bosnia_and/,1u9cl3q,top_comment
First female ref in this World Cup!!,reaction_banter,,osehbpn,https://old.reddit.com/r/worldcup/comments/1u97s1q/match_thread_czech_republic_vs_south_africa_world/,1u97s1q,top_comment
Can we just make the RO16 and stfu till then please lord 🙏,reaction_banter,,osdclqv,https://old.reddit.com/r/worldcup/comments/1u94zml/us_soccer_needed_a_world_cup_strategy_it_turned/,1u94zml,top_comment
Double take: Teammates decided he had to enter the locker room last because of his BO,reaction_banter,,oseo8uz,https://old.reddit.com/r/worldcup/comments/1u92xzq/antonio_nusa_still_on_the_field_after_the_iraq/,1u92xzq,top_comment
Replacing your blood with crude oil mixed with crushed up migrant workers will do that to you.,reaction_banter,,osg0jqg,https://old.reddit.com/r/worldcup/comments/1u8zryc/nick_miller_cristiano_ronaldo_looks_a_sad_shell/,1u8zryc,top_comment
"Alright author, you like the kicking over the console table metaphor .. could you hint as to what the fuck it means just once though haha",reaction_banter,,oscuel5,https://old.reddit.com/r/worldcup/comments/1u8ygi9/bellingham_englands_man_for_elite_moments_kicks/,1u8ygi9,top_comment
*Colombia. It's really not hard to spell Colombia...,reaction_banter,,osbrb6v,https://old.reddit.com/r/worldcup/comments/1u8wc0h/cucho_hernández_with_a_spectacular_assist_to_seal/,1u8wc0h,top_comment
One of the worst matches of football I've watched. I loved it.,reaction_banter,,osans53,https://old.reddit.com/r/worldcup/comments/1u8sb4k/postmatch_thread_ghana_10_panama_world_cup_group_l/,1u8sb4k,top_comment
"GHANA SCORES IN STOPPAGE TIME!!!! INCREDIBLE RUN, INCREEDIBLE GOAL!",reaction_banter,,1u8saam,https://old.reddit.com/r/worldcup/comments/1u8saam/ghana_scores_in_stoppage_time_incredible_run/,1u8saam,post
"My kid bonked his head as they made the run on the outside and started crying... Sorry, kid. Not gonna miss a clutch stoppage time goal for a team I have absolutely zero connection too in the World Cup.",reaction_banter,,osar35p,https://old.reddit.com/r/worldcup/comments/1u8saam/ghana_scores_in_stoppage_time_incredible_run/,1u8saam,top_comment
I'm excited and nervous to watch my country of birth competing on the world cup for the first time.,reaction_banter,,osaqkx6,https://old.reddit.com/r/worldcup/comments/1u8rgt3/match_thread_uzbekistan_vs_colombia_world_cup/,1u8rgt3,top_comment
"Oh bless Bellingham, he looked so moved. What a lovely lovely moment, not really seen this kind of thing for YEARS",reaction_banter,,osc076f,https://old.reddit.com/r/worldcup/comments/1u8rg9r/awestruck_england_squad_watch_fans_belt_out_oasis/,1u8rg9r,top_comment
