text,label,notes,reddit_id,source_url
For me the big issue is the fact that 8 out of the 12 third placed teams will qualify for the knockouts. There really is very little jeopardy in the group stage and we won't see the shock big team knockout in the group stage (e.g. Germany in 2018). This tournament will only really get interesting from the round of 16 onwards.,analysis,,oszmerg,https://old.reddit.com/r/worldcup/comments/1ubxlrn/
I think it would be interesting to see how many teams are out of advancing by the final game compared to the old format. Head to head is kind of killing this. Goal difference would make every game matter no matter what to some extent. Even if it’s just for 1st vs 2nd seed,analysis,,oszopal,https://old.reddit.com/r/worldcup/comments/1ubxlrn/
"But head to head is for me more fair since you play so few games and only once each team. Every game should not be exciting on expense of the competitive integrity, especially in the group stage. You will get lots of exciting matches again in the knockout",analysis,,oszs5wv,https://old.reddit.com/r/worldcup/comments/1ubxlrn/
"Almost no teams are technically eliminated by the 3rd game with gd and 32 teams. Many many many are practically eliminated, but actually eliminated very few.",analysis,,oszt8p1,https://old.reddit.com/r/worldcup/comments/1ubxlrn/
"By focusing narrowly on competitiveness and measuring it by the lopsided losses, you lose the essence of the games. Were the World Cup in Brazil lacking competitiveness when Brazil lost 7 to 1 at home against Germany? I am glad that the expansion brings a lot more nations to the games and their fans something to celebrate. Think of what it means to those player, their youth, and their nation. It’s not just about the wins/loses. Getting a chance to play against the best is how you build interest and competitiveness. With 32 we would never have met Vozinha from Cape Verde. Lots of other new talent emerging from the games. It’s worth it to me, and all those new fans.",analysis,,osznuv6,https://old.reddit.com/r/worldcup/comments/1ubxlrn/
I like the sentiment but that's not really how it works. Most players stop playing because their bodies give up and they can no longer compete at a professional level. Being a professional footballer is very hard on the body. Many are left with injuries or physical limitations that they manage for the remainder of their lives (e.g. arthritis).,analysis,,oszsjb8,https://old.reddit.com/r/worldcup/comments/1ubxlrn/
"Well no, the 7-1 game alone does not make 2014 uncompetitive. The whole point I made was that such scorelines used to be rare, but the number of them has shot up at this tournament. It’s not about individual games, it’s about the trend. Also, for what it’s worth, Cape Verde comfortably finished first in their qualifying group - they would probably have qualified for a 32 team tournament this year",analysis,,oszoo2u,https://old.reddit.com/r/worldcup/comments/1ubxlrn/
"They would not have qualified. I checked. Some people want to see more goals even if it’s one sided. Competitive 0-0 games are boring to many, yet for Curaçao they got a point in the World Cup. That is memory making. I am glad we are making the games more accessible and including others to participate.",analysis,,oszr37g,https://old.reddit.com/r/worldcup/comments/1ubxlrn/
"What do you mean you checked? They qualified comfortably this time around. Obviously we can’t know for sure whether they would have qualified as the 32 team qualification had a different format, but their form in qualifying suggests that, at the very least, they would have made the final round, where they would have just needed to win a two legged playoff. Certainly they would have had an excellent chance",analysis,,oszs8ue,https://old.reddit.com/r/worldcup/comments/1ubxlrn/
I suppose you could make that argument about all of the expansions we’ve had though. All of the winners of the tournament so far made their debut during the 16 team era,analysis,,oszm0ah,https://old.reddit.com/r/worldcup/comments/1ubxlrn/
"You can count on one hand the WCs where more than half the teams had a real shot at winning it. I can only think about 1970. In fact, I think around half the teams are either good enough to win it or good enough to beat (with a little luck) a team good enough to win it.",analysis,,osztjgz,https://old.reddit.com/r/worldcup/comments/1ubxlrn/
To be honest blowouts happen even in the champions leagues. And since the World Cup is having more teams it’s normal to see more blowouts. But I’d say that compared to 4-8-12 years ago the average level of football in nations who are not Top 10 has greatly increased.,analysis,"Paused between analysis and reasoned_opinion; comparisons with earlier tournaments and named blowouts are specific evidence, so analysis.",osznunq,https://old.reddit.com/r/worldcup/comments/1ubxlrn/
"Its my first world cup and my first experience with the sport at all and I've fallen in love. I think many people watch out of a sense of obligation or expectation rather than a love for the game. Because if we really only want ""the best"" have a computer decide the 12 best teams , put them in a single elimination tournament and wrap it up in a weekend , we could even do it every year so the world cup is meaningless A world cup only happens once every 4 years. Most people in their lives will see less than 20, most players will only play in one. Also a 48 team playoff is only 22 percent of eligible national sides making it. This is a lower percentage than every American sport , and the majority of leagues worldwide for football. Quite simply its a cope. If you only want to see ""the best"" because the rest is beneath you, start watching at the round of 32. Job done.",analysis,,oszng4n,https://old.reddit.com/r/worldcup/comments/1ubxlrn/
"Also the draw is so random and skewed as a result. Some groups are significantly weaker, and the knockout rounds will be so too. Look at groups A and F. Not only Group A is significantly easier, A#2 will likely face Switzerland or Canada but F#1 will face Brazil or Morocco in the round of 32.",analysis,,oszt02j,https://old.reddit.com/r/worldcup/comments/1ubxlrn/
"Anecdotally the level of play has been much higher than previous years and are encouraging closer matches, even for the teams who would otherwise have not been here. The team’s getting blown out have been Qatar (expected, but played well the other game), Curaçao (expected, but played well in the other game), Sweden (unexpected), Tunisia (slightly unexpected given JP are not fielding the strongest team), Saudi (expected, but they usually qualify anyway).",analysis,,oszmbar,https://old.reddit.com/r/worldcup/comments/1ubxlrn/
"I think the standard of play has increased in that the bottom teams that wouldn’t have made WCs at all are better than they once were (eg teams like Cape Verde recruiting firm the colonial countries to get more developed club players). Some of the teams beat by big margins — Sweden, Türkiye, Saudi — qualified in the 32 team format. Some of the biggest underperformers are solidly world cup staples, and some of the bottom teams have really held their own. IMO the “bottom teams” aren’t bringing the quality down, so much as there are just more games to reveal weak teams/mindsets across the board.",analysis,,oszpfcn,https://old.reddit.com/r/worldcup/comments/1ubxlrn/
Sweden being outplayed by Netherlands can’t have been that unexpected. Their national team has been shit the last year with no wins in the first round of qualifying.,analysis,,oszodfe,https://old.reddit.com/r/worldcup/comments/1ubxlrn/
"The issue is that the stakes are low for the top teams, the top 10+ ranked teams will comfortably go through. In previous iterations with more competitive groups we had heavyweights going home in the group stage.",analysis,,oszmc8g,https://old.reddit.com/r/worldcup/comments/1ubxlrn/
My fear with this idea would be that it would turn the group stages into a defensive snooze fest - if you lose even one game that’s basically curtains for your campaign so teams would set up to ensure that they didn’t - that’s what made Euro 1980 such a bore. It was the first one with 8 teams so they were still figuring out the format and only the two group winners qualified for the final. Led to a group stage that doubled as an insomnia cure,analysis,,osztz6k,https://old.reddit.com/r/worldcup/comments/1ubxlrn/
"Hmm but some teams who would have performed much better than many others is out. - italy, dfnmark, greece , poland, hungary, chile, peru, costarica, nigeria, Cameroon, romania ... So my opinion is that 48 or even 64 is om of you make qualifying a world wide affair, mix all continents teams together in qualification and then come up with the top 48, whoever that may be. That'll be more meritorious n more competative.",analysis,,oszvfvt,https://old.reddit.com/r/worldcup/comments/1ubxlrn/
How many games are played where 1 team parks the bus vs both sides attack compared to previous years? This has to be a whole new record. Usually the odd lopsided match is crazy if the dogs can pull off the upset but when the majority of games become like this it gets boring very fast.,analysis,"Paused between analysis and reasoned_opinion; it identifies a repeated low-block match pattern and connects it to boredom, so analysis.",oszw7d0,https://old.reddit.com/r/worldcup/comments/1ubxlrn/
"Sweden were horrific in qualifying, and would have needed a 128 team world cup if they didn't have the Nations League backdoor.",analysis,,oszmdqq,https://old.reddit.com/r/worldcup/comments/1ubxlrn/
"The reality is even in the closely contested matches with smaller nations, they are overwhelmingly playing in extreme low blocks holding on for dear life. Which is a reality a lot of people are completely overlooking when they just look at final results.",analysis,,oszm00o,https://old.reddit.com/r/worldcup/comments/1ubxlrn/
"I don't mind there being 48 teams, but 3 out of 4 teams going through from most groups makes a lot more games kinda meaningless (or at least much lower stakes). Used to be that one bad result in the group stages would put you in serious jeopardy. Now it's not really a big deal. Kinda hard to have a group of dearh when nobody dies.",analysis,,oszm6ql,https://old.reddit.com/r/worldcup/comments/1ubxlrn/
"Possible, but kind of unlikely with 8 of 12 going through in 3rd. Also much less likely to get a group of death with 12 groups instead of 8.",analysis,,oszrukc,https://old.reddit.com/r/worldcup/comments/1ubxlrn/
"In 2022, only one third placed team had 3 points. The rest had 4. Iraq isn’t that good, but the rest of group I is solid and both Senegal and Norway can still easily be eliminated.",analysis,,oszslyu,https://old.reddit.com/r/worldcup/comments/1ubxlrn/
I've watched pretty much every WC game since '90. I'm not.,analysis,,oszrcry,https://old.reddit.com/r/worldcup/comments/1ubxlrn/
Conmebol underperforming outside argentina in the last edition so far every team is still in contention even ecuador they can still get out by defeating alemania,analysis,,osznx22,https://old.reddit.com/r/worldcup/comments/1ubxlrn/
"This format is simply ridiculous. Loads of pointless matches, Spain 3-0 after 20min or so, that's it, I just stopped wathing. Of course there will be a few exceptions though. greed greed greed for more money, simple as that 32 is the proper format Also, round of 32 will make it too random, a great team can have an unlucky day and they are out.",analysis,,oszqyy9,https://old.reddit.com/r/worldcup/comments/1ubxlrn/
They drew with a very weak team....and still everyone knew they were going through to the group stage. Not a good look. They should have been under immense pressure after that. Group phase now is just an extension of qualifying basically.,analysis,,oszx0bz,https://old.reddit.com/r/worldcup/comments/1ubxlrn/
"I mean I was initially against the expansion and I’m still not convinced by it. However, more pressing for me is using head to head to separate teams before goal difference. I also think a bigger issue is why has the VAR and refereeing made so many mistakes: Switzerland’s offside penalty, Scotland not getting a penalty, Haiti not getting a penalty, Australia not getting a penalty, etc. Been so many decisions which have left me wondering if the VAR team are even watching the game half the time",analysis,,osztpn3,https://old.reddit.com/r/worldcup/comments/1ubxlrn/
"Easily the worst world cup so far. Every game feels like a mid season international break, not a world cup group game. The 3rd place qualification means there is hardly any jeapody. I now have zero interest in the next 2 England games because I know there is a 99% chance we qualify. The games are bad. Uncompetitive, sluggish and just ad breaks.",analysis,,oszoamb,https://old.reddit.com/r/worldcup/comments/1ubxlrn/
No... It's sufficient for England to draw against Ghana or Panama to proceed...,analysis,,oszqkcq,https://old.reddit.com/r/worldcup/comments/1ubxlrn/
Big difference in qualifying vs getting first seed. If you come second or third your round of 32 could be against a Germany equivalent,analysis,,oszqptt,https://old.reddit.com/r/worldcup/comments/1ubxlrn/
England can draw with Ghana and still qualify first if they beat Panama.,analysis,,oszri5o,https://old.reddit.com/r/worldcup/comments/1ubxlrn/
"What the poster is trying to say is that there is a significantly reduced risk of upsets in the group stage, like Germany (2022) or Spain (2014) not getting out of the group stage. Especially because there are more groups, so the 4th team is usually very low tier. You're almost quaranteed to qualify with 4 points",analysis,,oszrku5,https://old.reddit.com/r/worldcup/comments/1ubxlrn/
I get it. My point is it’s easier to qualify for sure - but to say as an English fan don’t want to watch the next game is nuts as still a lot to play for. You can bet the English lads aren’t thinking like isn’t much to play for vs Ghana,analysis,,oszshib,https://old.reddit.com/r/worldcup/comments/1ubxlrn/
"How can you say it's the worst? Can't you see how the stadiums are packed, and people are enjoying all over the world? I agree that there's not been many upset this group stage compared to previous world cup. But yeah, wait for the R32 for peak entertainment.",analysis,,oszpop5,https://old.reddit.com/r/worldcup/comments/1ubxlrn/
Its a smart strategy if you dont think Cabo Verde ships 4 to Uruguay (or vice versa). Not sure Oyarzabal needed to come off that early either.,analysis,,oszku6e,https://old.reddit.com/r/worldcup/comments/1ubwqy2/
"Oyarzabal looked like he was in some pain at the end of the first half, they just were being cautious.",analysis,,oszx1ld,https://old.reddit.com/r/worldcup/comments/1ubwqy2/
Spain were getting whatever they wanted in that first half. But it is concerning how much they rely on Yamal. Like they have a totally toothless attack without him,analysis,,oszg2r5,https://old.reddit.com/r/worldcup/comments/1ubwqy2/
"Yamal and Nico are the 2 best Spanish wingers. They are not just speed like Ferran. They are on the NT because of their creativity. If you are saying Spain are a little 1 dimensional, then in a sense you are correct. You can blame Luis De La Fuente for making ' safe ' selections that mostly come from Barcelona. Gavi at LW in the 1st match vs Cabo Verde was stupid. Just because Cesc Fabregas was excellent at false 9 in Euro 2012 does not mean you can take a CDM in Gavi and play him as a winger.",analysis,,oszn9t4,https://old.reddit.com/r/worldcup/comments/1ubwqy2/
"The first 25 mins of the match was explosive. Yamal delivered. Mikel oyerzabal, who created an unwanted record of not touching the ball for 30 mins in the first match came back in blazing glory. He's the one to look out for in the knockout stages. Saudi's defense didn't have any answer to this relentless attack in the first half. It was logical sound decision for spain to rest important players after the first half. I think this team has enough depth to go far in the tournament. Respect to Al-Owais to limit the damage. That Own goal was unfortunate.",analysis,,oszhh1k,https://old.reddit.com/r/worldcup/comments/1ubwqy2/
"So how bad was Uruguay or how good was Cape Verde? Spain looked good and Saudi Arabia so terrible. Saudi Arabia was confused the whole game, they were not sure what to do. Ferran Torres is still terrible, so many chances.",analysis,,oszdh1l,https://old.reddit.com/r/worldcup/comments/1ubwqy2/
"It was the 1st match of the tournament and Cape Verde parked the bus. That will make for a dull, less open game.",analysis,,oszfw5k,https://old.reddit.com/r/worldcup/comments/1ubwqy2/
They could face off as soon as July 2nd if Argentina gets 2nd in the group. Argentina would have to royally fuck up to get 2nd though so it’s far off now,analysis,"Short but specific bracket timing and group-finish condition make the claim verifiable, so analysis.",oszvsbt,https://old.reddit.com/r/worldcup/comments/1ubwqy2/
"yamal becoming only the second teenager after gavi to score for spain at a world cup is such a fun stat. kid just doesn't feel pressure at all. and 15-1 shots at half time is just embarrassing for saudi honestly, total mismatch from minute one",analysis,,oszfl4s,https://old.reddit.com/r/worldcup/comments/1ubwqy2/
"Much more like it from Spain. Kinda dialled it in for most of the second half, but way more direct and purposeful than they looked against Cape Verde.",analysis,,oszfsnm,https://old.reddit.com/r/worldcup/comments/1ubwqy2/
"Yeah when you're four up and the other team isn't moving, there's not much incentive to waste energy. They need to win the next one too.",analysis,,oszg1vn,https://old.reddit.com/r/worldcup/comments/1ubwqy2/
"Absolute disasterclass from Ferran Torres as usual. Oyarzabal was great but Lamine was exceptional. I have very little hope of this Spanish team even making it as far as the quarter finals. They have absolutely nothing going on for them offensively and they’ll struggle against stronger teams like Agrentina, Brazil, France etc…",analysis,,oszgivw,https://old.reddit.com/r/worldcup/comments/1ubwqy2/
"Because when a team is largely considered an underdog, to them a draw would be considered a win and is much easier to secure than an out and out win. So the underdog will sit back mainly only focusing on defense with no real intent on going forward to score and win the game. Sometimes, even for small teams, keeping every man focused on defense is enough to prevent the big teams from creating chances to score. But if the first goal goes in against the underdog it forces them to try and play more attacking to score a goal and get the draw back and of course this opens them up to many more chances and goals against them.",analysis,,oszl8sw,https://old.reddit.com/r/worldcup/comments/1ubwqy2/
"Once the favoured team scores, it forces the underdog to attack more which means they leave gaps at the back. As long as it stays 0-0 they can just sit back and defend, and these days most national sides are capable of doing that to a decent level. And of course the longer it stays goalless, the more pressure builds on the favoured side.",analysis,,oszni72,https://old.reddit.com/r/worldcup/comments/1ubwqy2/
"Alright so they a ""bad"" team. They will defend to death to keep that 0-0. Sometimes they pluck a 1-0 and either win 1-0 or eventually get a 1-1 but still the same from a ""defend with your life"" perspective. However if the ""strong"" team gets a goal up, you as a losing team would as well stay at home if you will not try for the 1-1 at least. This leads to the ""weak"" team to attack meaning more spaces to exploit for the ""strong"" team. More spaces more gaps more mistakes and even if you try to remain standing as a ""weak"" team you are so run into the ground mentally you cant just play a normal 2-1 or 3-2 type of game. Catch my drift?",analysis,,oszl0zk,https://old.reddit.com/r/worldcup/comments/1ubwqy2/
The draws usually happen in the first game as the teams come in with opposite mindsets. Every single team in the tournament will come with nerves but the nerves will be different. The bigger teams will come with an expectation of needing to perform in their fans will expect that of them and so as a result usually during the first match they are a bit more tentative as they're afraid of conceding more than anything. The lower teams will be nervous as usually it's their first world cup or their first in x amount of years. Their fans are just happy that they are there so outside of the jitters from the tournament itself those teams will fight tooth and nail for everything and not be afraid to try and score and not be afraid of getting too tired later in the tournament and defend tooth and nail because they have no expectation of going further in the tournament. Any draws that come after the first game are usually due to a team that has made the decision to just sit deep and absorb pressure and hopefully manage something on the counter attack but most of the first games will be ties because the big teams will underperform and the small teams will fight tooth and nail and over perform. By the time we get to game two most of those nerves have worn off then you'll see the true team for what you can expect them to be leading into the rest of the tournament,analysis,,oszkw0g,https://old.reddit.com/r/worldcup/comments/1ubwqy2/
"Aside from what the other guy said, momentum is a big deal in football. If the better team scores 1, they will likely continue to break down that defense over and over, and the worse team will become more and more demoralized. If the better team can't break the worse team down after 60 minutes, the worse team becomes more inspired and the better team becomes frustrated. Spain were also extra hungry after embarrassing themselves against Cape Verde, and Saudi Arabia don't play super defensive football like they maybe should.",analysis,,oszl763,https://old.reddit.com/r/worldcup/comments/1ubwqy2/
entirely dependent on whether or not the underdog plays low block or pushes forward. cape verde played low block and saudi arabia didn’t.,analysis,,oszle5e,https://old.reddit.com/r/worldcup/comments/1ubwqy2/
"The underdog doesn't need to win, it just needs to not lose and hope to pick up easier points. It's hard to break down a team that has zero interest in scoring as they will just have all 11 men behind the ball. Once they do concede then the underdog has to find some way to score and the game opens up",analysis,,oszp90q,https://old.reddit.com/r/worldcup/comments/1ubwqy2/
"Because when your defense sits in a very low block, conceding one goal normally destroys your system, and you have to take risks. Either the underdog holds the draw, or they concede early like today and they have a proper meltdown. The Saudis didn't take any risks today though, they kept the 5-4-1 for the full 90.",analysis,,oszsxy8,https://old.reddit.com/r/worldcup/comments/1ubwqy2/
"Based on all the comments, you’d never know Ferran Torres has 24 goals and 8 assists in 3,447 career minutes for Spain. Averaging a G/A every 107 minutes played for his country. Or that he had 21 goals and 3 assists for Barcelona in 2,692 minutes this past season. Averaging a G/A every 112 minutes. The constant negativity aimed towards him is so forced. Feels like Spanish supporters have a Morata void to fill now that he’s out of the picture and are channeling all that negative energy towards Torres.",analysis,"The statistics are explicitly connected to the conclusion that criticism is excessive, so analysis rather than unsupported_take.",oszi1k6,https://old.reddit.com/r/worldcup/comments/1ubwqy2/
"He’s a frustrating player to analyze. Barca fan here btw. At times, he’s everything you want in a striker: mobile, great link up, drops deep and can vertically stretch the defensive line. ot to mention he’s a hard worker on defense; he’s a willing and skillful pressing forward. But he has a tendency to be inconsistent in his finishing quality. Some games he’ll put away some difficult chances, other games he’ll mess up sitters. For stretches, he’ll score in bunches, then he’ll go cold for numerous games. You’re right to point out the numbers though. He is better than most will admit. But also, his numbers have to be viewed within the context of the insanely attacking set up that Hansi Flick plays. Naturally, the massive offensive tilt in Flick’s style generates boatloads of chances. This is why you see the discrepancies between the raw numbers and some of the online chatter; he could have score MANY more than he did considering the service he has at Barca. Still, I agree though that majority of online chatter still thinks he’s the Ferran Torres of two years ago under Xavi. However, brute fact is that if Barca themselves were internally confident in Ferran they wouldn’t be going through the trouble of trying to poach a league rivals star ST (Julian Alvarez). It’s not just mere errant online chatter that is driving this push internally at Barca for a number 9. Hansi Flick does not have confidence in Ferran to lead the frontline despite the impressive numbers Ferran can boast at face value.",analysis,,oszp68z,https://old.reddit.com/r/worldcup/comments/1ubwqy2/
"I’ve been loving seeing fans of some teams that wouldn’t have qualified before (looking at you, DRC), going all-out in their fandom and celebrating getting a single goal or point. Yes, the average group stage quality and drama might not be as good, but the party is bigger.",reasoned_opinion,Paused between reasoned_opinion and reaction_banter; the tradeoff between quality and wider participation is a relevant rationale.,oszomy9,https://old.reddit.com/r/worldcup/comments/1ubxlrn/
"Sure but then do a mini pre world cup where the worse teams compete for the last 4 places or something like that, but the proper format is 32 teams. You could put more teams, but not more groups, 40 teams in 8 groups of 5 would be fine",reasoned_opinion,,oszrgd0,https://old.reddit.com/r/worldcup/comments/1ubxlrn/
"This is true, but I do think the end results of all the “small” soccer nations being ousted in the Rof32, the Ro16 and on will be the true battle of the titans. Every game will be good. At least I hope. 🤞",reasoned_opinion,,oszmuy7,https://old.reddit.com/r/worldcup/comments/1ubxlrn/
"Yeah agree with this. Nobody can go into any game without seriously preparing, no matter the opponent. It’ll keep every team on their toes since everyone is one poor performance away from elimination. And there is likely to be some upset",reasoned_opinion,,osznr65,https://old.reddit.com/r/worldcup/comments/1ubxlrn/
"The seeding is the jeopardy. Idk why you guys just choose to ignore that. Seeding has such a massive impact on where you're placed in the knockout bracket, and everyone just ignores it and complains that so many teams get in.",reasoned_opinion,"Paused between analysis and reasoned_opinion; seeding is causal but no concrete bracket example is supplied, so reasoned_opinion.",oszta7b,https://old.reddit.com/r/worldcup/comments/1ubxlrn/
It's an extra playoff game they will fall off.,reasoned_opinion,,oszmr0d,https://old.reddit.com/r/worldcup/comments/1ubxlrn/
"Yes, next round of games have a chance to be extremely uncompetitive since majority of the groups will be decided.",reasoned_opinion,,oszopso,https://old.reddit.com/r/worldcup/comments/1ubxlrn/
That’s definitely a major issue. It leaves a lot of teams with nothing to play for,reasoned_opinion,,oszt1du,https://old.reddit.com/r/worldcup/comments/1ubxlrn/
"I love when I am proven wrong. I was very much against the expansion, but when someone like Cabo Verde has a chance to advance to the knockout phases with a win over Uruguay or Saudi Arabia (not saying it's going to happen), then that's exactly what the expansion was all about. I have no issue admitting when I'm wrong, and I was insanely wrong about the expansion. This tournament has been great so far.",reasoned_opinion,,oszt2ud,https://old.reddit.com/r/worldcup/comments/1ubxlrn/
Perhaps more older players will decide to play on for a few more years. Thats a good thing in my book.,reasoned_opinion,,oszrh5k,https://old.reddit.com/r/worldcup/comments/1ubxlrn/
They would have to play a playoff against another african team. They would have a real shot depending on who they faced. But I agree that the expansion is worth it.,reasoned_opinion,,oszrvcy,https://old.reddit.com/r/worldcup/comments/1ubxlrn/
💯 agree. For many just making it to the world stage is a point of pride. More countries having a chance to qualify for the world cup encourages their nations and people to become more vested in the sport . It provides more coverage and opportunities for poor nations to dream one day making it to compete at this level of futbol.,reasoned_opinion,,oszp39e,https://old.reddit.com/r/worldcup/comments/1ubxlrn/
"I don’t really see the group stage and knockouts as the same thing. The group stage is more about getting the world involved. More countries, more weird matchups, more people caring. Then the knockouts are where the tournament becomes serious. World Cup probably needs both.",reasoned_opinion,,oszwjl7,https://old.reddit.com/r/worldcup/comments/1ubxlrn/
"All it did was add 16 more teams that have no chance of winning, so that FIFA can make more money End of story",reasoned_opinion,,oszll06,https://old.reddit.com/r/worldcup/comments/1ubxlrn/
Getting to see the faces of players who score their first wc goal or a country getting a unexpected draw is 100% worth there being more blowouts.,reasoned_opinion,,osznhpa,https://old.reddit.com/r/worldcup/comments/1ubxlrn/
I love it I’m by no means a purist or traditionalist. My first WC was 2002 got hooked on the American run. Just love the quantity of games.,reasoned_opinion,,oszmvcq,https://old.reddit.com/r/worldcup/comments/1ubxlrn/
"There's not 32 top level squads Much less 48 Making it 48 means the group phase and even most of the round of 32 is useless, skippable",reasoned_opinion,,oszqady,https://old.reddit.com/r/worldcup/comments/1ubxlrn/
There is a lack of jeopardy for the bigger nations imo but I’ve enjoyed watching most of the games,reasoned_opinion,,oszs6nw,https://old.reddit.com/r/worldcup/comments/1ubxlrn/
"Tbh I disagree that the standard of play has increased. I’d say it’s overall around the same - some teams playing really well, others playing terrible",reasoned_opinion,,oszmqei,https://old.reddit.com/r/worldcup/comments/1ubxlrn/
In my opinoin that's not an issue. I would rather watch all the heavy hitters make it to elim rounds.,reasoned_opinion,,oszn710,https://old.reddit.com/r/worldcup/comments/1ubxlrn/
"48 is a reasonable number for the group stage, having 32 of those teams is the real culprit behind the tournament feeling easier",reasoned_opinion,,osznm23,https://old.reddit.com/r/worldcup/comments/1ubxlrn/
You may have solved the problem here. Straight to last 16 means only the group winners and 4 best runner ups go through. Suddenly I’m interested again…,reasoned_opinion,,oszss5d,https://old.reddit.com/r/worldcup/comments/1ubxlrn/
At 32 you would have 3 or 4 that shouldn’t be there. This whole group stage has almost no jeopardy at all,reasoned_opinion,,oszs664,https://old.reddit.com/r/worldcup/comments/1ubxlrn/
And they should do that haramball is really good into the high pressure style most team struggle to break lines and thier defense is left alone and vulnerable in the middle of the field,reasoned_opinion,,oszr0uf,https://old.reddit.com/r/worldcup/comments/1ubxlrn/
Lose two matches in a group of death and you can easily go out even if you win the third match.,reasoned_opinion,,oszolde,https://old.reddit.com/r/worldcup/comments/1ubxlrn/
2022 was very much the exception. I would wager large sums of money on teams with 3 points going through.,reasoned_opinion,,oszvoey,https://old.reddit.com/r/worldcup/comments/1ubxlrn/
"on the other hand, i think uefa and conmebol are less dominant than in the last editions of the tournament.",reasoned_opinion,,osznfvh,https://old.reddit.com/r/worldcup/comments/1ubxlrn/
"It's a smarter strategy to rest vs. drive hard unnecessarily, especially at this stage in the tournament.",reasoned_opinion,,oszegfo,https://old.reddit.com/r/worldcup/comments/1ubwqy2/
It’s possible although Spain’s attacking depth looks really rough,reasoned_opinion,,oszjivf,https://old.reddit.com/r/worldcup/comments/1ubwqy2/
Honestly imo Spain just underestimated capo verde.,reasoned_opinion,,oszdqc4,https://old.reddit.com/r/worldcup/comments/1ubwqy2/
This is what the game against Cape Verde should have been. Oyarzabal completely underrated and Ferran still doesn't convince me. Keep playing like this and we might stand a chance for the title,reasoned_opinion,,oszdi1b,https://old.reddit.com/r/worldcup/comments/1ubwqy2/
"If the players can stay healthy, no red cards, no bad decisions by the coaching, and keep that momentum, then Spain can make it to the semifinals.",reasoned_opinion,,osze85j,https://old.reddit.com/r/worldcup/comments/1ubwqy2/
Football is a funny game. Saudi might win Cabo Verde. That part about group stages is what baffles me lol,reasoned_opinion,,oszkanr,https://old.reddit.com/r/worldcup/comments/1ubwqy2/
"When you score a lot of goals, you just give away your secrets. The opps watch film, you know?",reasoned_opinion,"Paused between reasoned_opinion and reaction_banter; despite the casual phrasing, it advances a general strategic rationale.",oszfk9p,https://old.reddit.com/r/worldcup/comments/1ubwqy2/
"I guess you have to open up your play if you're down, if you hope to score points out of the game. That comes with risks.",reasoned_opinion,,oszk9up,https://old.reddit.com/r/worldcup/comments/1ubwqy2/
Small teams might be mainly playing to keep the score 0 as it's their best chance of getting a point.,reasoned_opinion,,oszs4bi,https://old.reddit.com/r/worldcup/comments/1ubwqy2/
They were just letting the time tick after the first half. They did not tire themselves for no reason,reasoned_opinion,,oszeus0,https://old.reddit.com/r/worldcup/comments/1ubwqy2/
I mean Ive been a Torres hater since 2022 tbf. Hes probably not awful just convinced we need a better option at ST after Oyarzabal retires.,reasoned_opinion,,oszjw4h,https://old.reddit.com/r/worldcup/comments/1ubwqy2/
I watch him too. He’s much better than people give him credit for. It’s a classic case of folks online ganging up on a player and not letting go.,reasoned_opinion,,oszk5u8,https://old.reddit.com/r/worldcup/comments/1ubwqy2/
He’s much better coming off the bench against tired defenders. I’m sure the stats back that up too.,reasoned_opinion,,oszl1g2,https://old.reddit.com/r/worldcup/comments/1ubwqy2/
The USMNT of these last decades is a consistent Ro16 side at the WC so it's not like it's a bad team. The problem is in its grassroots program however and a domestic league that's slowly becoming better but still is quite lacking.,reasoned_opinion,,osyq7yh,https://old.reddit.com/r/worldcup/comments/1ubtiiv/
Believe what? That the US should be beating lower ranked opponents? Yes I believe they should have won and they did. I do think quarters is likely but they are a top 15 team after all.,reasoned_opinion,,osynq09,https://old.reddit.com/r/worldcup/comments/1ubtiiv/
It's not so much about you guys being excited that makes people point out the quality of the sides you've faced so far. It's the hyperbole that comes with it.,reasoned_opinion,,oszi9q5,https://old.reddit.com/r/worldcup/comments/1ubtiiv/
"Yeah, the hosts haven't yet played any good teams yet. Canada will have their first test against Switzerland.",reasoned_opinion,,oszl9im,https://old.reddit.com/r/worldcup/comments/1ubtiiv/
"Paraguay and Australia! 😂😂😂 Bro US played well but against weak teams, so a bit too early to say anything. Let’s talk again in the next round, and that applies to everyone…",reasoned_opinion,,osyqfx4,https://old.reddit.com/r/worldcup/comments/1ubtiiv/
"You guys are so insecure. Americans are saying “the USA has looked great” and you guys are hearing “the USA is as good a the best teams in the World Cup”. No, what we’re saying is that the USA has looked great as compared to the USMNT over the last… forever. We know we’re not in the same league as Spain, Brazil, Germany, France, Netherlands, Argentina, and England. But the rest of the field, we have a good chance to have a competitive game that was can go into feeling like we have shot to advance in a matchup against them.",reasoned_opinion,,osz05al,https://old.reddit.com/r/worldcup/comments/1ubtiiv/
"No, it’s not that it’s just cringy. It’s like some random that never watched the sport comes in. Let’s just say in this scenario, a woman first time watching American football and she starts saying wow cowboys are soo good, look at those long passes Woww so fast!! What is a field goal?",reasoned_opinion,"The analogy supplies a relevant rationale for calling the discourse cringeworthy, but no concrete football evidence, so reasoned_opinion.",osz0lcp,https://old.reddit.com/r/worldcup/comments/1ubtiiv/
"You looked to be in a different league because your players quite literally were far better. FIFA rankings are always super wonky but you’re a top 15 team now, 2-0 up on Australia should really be a given lol and Türkiye have been absolutely shocking and are already out so I’m sure you’ll smash them too. I respect the energy of the US players but you guys are soon to learn that the knockout stage is a different beast and that that group stages really don’t mean that much",reasoned_opinion,,osyvk69,https://old.reddit.com/r/worldcup/comments/1ubtiiv/
What bums me out is seeing so many USians feeling hesitant or guilty about supporting the team. It's one of the few guilt free non toxic ways to be patriotic and have some unity among people. I wish more of you could have that too,reasoned_opinion,,oszcx7q,https://old.reddit.com/r/worldcup/comments/1ubtiiv/
The commentators constantly glazing over US and Pulisic has made sure I want to see them out as soon as possible. I can't handle any more of this cringe,reasoned_opinion,,osyrfsg,https://old.reddit.com/r/worldcup/comments/1ubtiiv/
Now it's interesting to see how Spain will fare against Uruguay. This will be their first serious test.,reasoned_opinion,,osyxeu3,https://old.reddit.com/r/worldcup/comments/1ubrfvj/
Spain plays better against teams that doesn't park the bus so it should be easier for Spain,reasoned_opinion,,osyxrf0,https://old.reddit.com/r/worldcup/comments/1ubrfvj/
Lowkey group stage games are getting boring to see. Can't wait for knockouts,reasoned_opinion,,oszehse,https://old.reddit.com/r/worldcup/comments/1ubrfvj/
"They're fun but there's way too many. We have 72 games left, it's insane.",reasoned_opinion,,oszet1n,https://old.reddit.com/r/worldcup/comments/1ubrfvj/
Yamal under instructions to not sprint or try very hard. Bigger fish to fry down the road.,reasoned_opinion,"The prediction of conserving effort for later matches has a relevant general rationale but no verifiable evidence, so reasoned_opinion.",osywzhy,https://old.reddit.com/r/worldcup/comments/1ubrfvj/
I feel like these matches have just been one great team while the other just checks out. I want to watch a match between TITANS,reasoned_opinion,,osz9nw9,https://old.reddit.com/r/worldcup/comments/1ubrfvj/
Gonna need the boys to lock tf in today. Gotta secure a victory or else we in serious trouble. Vamos con todo Rojjaaaa!!,reasoned_opinion,,osy5zoo,https://old.reddit.com/r/worldcup/comments/1ubrfvj/
I hope we get atleast one Iran vs US match! That'd be so interesting and chaotic!,reasoned_opinion,,osz9nnz,https://old.reddit.com/r/worldcup/comments/1ubrfvj/
Complain all you want but once again VAR gets another call right. Delays are annoying but VAR has stopped so many bad calls,reasoned_opinion,,oszuvds,https://old.reddit.com/r/worldcup/comments/1ubvu9n/
It was not intentional he tried to score,reasoned_opinion,,oszqi8g,https://old.reddit.com/r/worldcup/comments/1ubvu9n/
"The standard of some of the football is terrible, meant to be the highest level of football",unsupported_take,,oszlaeb,https://old.reddit.com/r/worldcup/comments/1ubxlrn/
Sweden would not have qualified if it were 32 teams,unsupported_take,,oszm1pk,https://old.reddit.com/r/worldcup/comments/1ubxlrn/
"It's a diaster, barring some matches most of the games are very very hard to watch.",unsupported_take,,oszlqzk,https://old.reddit.com/r/worldcup/comments/1ubxlrn/
6 own goals so far in the group stages. There were only 2 in the entire 2022 completion. Says it all.,unsupported_take,"A statistic is present, but it does not explain why own-goal frequency proves tournament quality; decorative evidence means unsupported_take.",oszu8co,https://old.reddit.com/r/worldcup/comments/1ubxlrn/
Doesn’t really say anything at all lmao,unsupported_take,,oszv9ox,https://old.reddit.com/r/worldcup/comments/1ubxlrn/
Based on this result I can only conclude Cape Verde is a better team than Argentina.,unsupported_take,,oszfcg4,https://old.reddit.com/r/worldcup/comments/1ubwqy2/
Cape Verde better than Netherlands and France too,unsupported_take,,oszfvp3,https://old.reddit.com/r/worldcup/comments/1ubwqy2/
Prime Brazil basically,unsupported_take,,oszl6sj,https://old.reddit.com/r/worldcup/comments/1ubwqy2/
Your expected Spain performance has now resumed.,unsupported_take,,oszfsez,https://old.reddit.com/r/worldcup/comments/1ubwqy2/
Vozinha is definitely a higher tier goalie than the Saudi one is,unsupported_take,,oszkb7w,https://old.reddit.com/r/worldcup/comments/1ubwqy2/
can we please bench ferran torres forever? dude is hot garbage,unsupported_take,,oszinh1,https://old.reddit.com/r/worldcup/comments/1ubwqy2/
"Oyarzabal is exceptional for Spain, always delivers",unsupported_take,,osze3ud,https://old.reddit.com/r/worldcup/comments/1ubwqy2/
Spain has finally arrived in the tournament,unsupported_take,,oszeghl,https://old.reddit.com/r/worldcup/comments/1ubwqy2/
They hold the thing possibly. It will be played between 4-5 teams and they are surely part of it.,unsupported_take,,oszh647,https://old.reddit.com/r/worldcup/comments/1ubwqy2/
So Cabo Verde is going to destroy Uruguay now?,unsupported_take,,oszdtok,https://old.reddit.com/r/worldcup/comments/1ubwqy2/
I predict 0-0,unsupported_take,,oszf886,https://old.reddit.com/r/worldcup/comments/1ubwqy2/
It has a 0-0 written all over it.,unsupported_take,,oszhsid,https://old.reddit.com/r/worldcup/comments/1ubwqy2/
Ferrán Torres is the new Morata,unsupported_take,,oszf4cl,https://old.reddit.com/r/worldcup/comments/1ubwqy2/
This is the Spain we expect.,unsupported_take,,oszgt3y,https://old.reddit.com/r/worldcup/comments/1ubwqy2/
Nobody in Europe was hyping up Turkey we know what they are,unsupported_take,,oszpk4c,https://old.reddit.com/r/worldcup/comments/1ubtiiv/
Nobody has ever taken the FIFA rankings seriously,unsupported_take,,osyoc3o,https://old.reddit.com/r/worldcup/comments/1ubtiiv/
Wait until they play a top tier team. They will crumble. Happens everytime,unsupported_take,,oszadc3,https://old.reddit.com/r/worldcup/comments/1ubtiiv/
Proves you just started watching Futbol in the past 6-8 years. Truly was assumed to be good because of the respective players clubs. Doesn’t always pan out that way…. Look at Cabo Verde they are all from Netherlands. No good collectively.,unsupported_take,,osyv8pg,https://old.reddit.com/r/worldcup/comments/1ubtiiv/
US definitely have some people that are self loathing and reddit is definitely full of them.,unsupported_take,,oszpkra,https://old.reddit.com/r/worldcup/comments/1ubtiiv/
This makes Cabo Verde look even more impressive,unsupported_take,,osysln5,https://old.reddit.com/r/worldcup/comments/1ubrfvj/
Cabo Verde’s defense was legit. Grandpa Vozinah for the win!,unsupported_take,,osyukgw,https://old.reddit.com/r/worldcup/comments/1ubrfvj/
"Spain finally remembered that to win games you need to score goals, not finish passes",unsupported_take,"Sarcasm implies a contestable criticism of possession without finishing; no meaningful support is supplied, so unsupported_take.",osze0dj,https://old.reddit.com/r/worldcup/comments/1ubrfvj/
I'm glad the automated offside tech is a seamless experience like they promised,unsupported_take,,oszc60j,https://old.reddit.com/r/worldcup/comments/1ubrfvj/
US wins 2 games and now commentator claims MLS is a model for everyone to follow LMAOOOO Americans man,unsupported_take,,osz82jb,https://old.reddit.com/r/worldcup/comments/1ubrfvj/
Gonna be a reality check in a couple games,unsupported_take,,osz8ara,https://old.reddit.com/r/worldcup/comments/1ubrfvj/
Ferran Torres should never get selected in the Spain squad for any future tournaments.,unsupported_take,,oszdaxz,https://old.reddit.com/r/worldcup/comments/1ubrfvj/
This is just making Vozinha look even more goated,unsupported_take,,osyswn3,https://old.reddit.com/r/worldcup/comments/1ubrfvj/
Their reputation is still shit. No one is going to Saudi for tourism.,unsupported_take,,osywg1q,https://old.reddit.com/r/worldcup/comments/1ubrfvj/
Such a one sided game. Can’t wait for the knockouts,unsupported_take,,osyxmty,https://old.reddit.com/r/worldcup/comments/1ubrfvj/
I'm so glad all the rich countries firm the middle east are getting a reality check.,unsupported_take,,oszcerf,https://old.reddit.com/r/worldcup/comments/1ubrfvj/
Cape Verde > Saudi Arabia,unsupported_take,,osyw4lm,https://old.reddit.com/r/worldcup/comments/1ubrfvj/
"I get that Yamal is really good, but will these commentators stop sucking him off every time? They suck so much",unsupported_take,,osyxz7d,https://old.reddit.com/r/worldcup/comments/1ubrfvj/
"If ref would end the game now Saudis would most likely be happy. It is just painful to watch. There’s no skill, no plan, no tactics.",unsupported_take,"The phrases 'no skill, no plan, no tactics' restate the negative judgment rather than support it, so unsupported_take.",osz51x1,https://old.reddit.com/r/worldcup/comments/1ubrfvj/
"The Saudis are always so terrible, but it feels like they qualify every freaking time.",unsupported_take,,osyx45v,https://old.reddit.com/r/worldcup/comments/1ubrfvj/
Really makes you think why Ronaldo loves to play in the Saudi Arabia league,unsupported_take,,osz3gn5,https://old.reddit.com/r/worldcup/comments/1ubrfvj/
Saudi is so bad they look like they are losing on purpose,unsupported_take,,osz47yj,https://old.reddit.com/r/worldcup/comments/1ubrfvj/
"I actually hate him. Please del la Fuente, never let Ferran Torres terrorize my national team ever again.",unsupported_take,,osz9be1,https://old.reddit.com/r/worldcup/comments/1ubrfvj/
Spain had so much luck with this group,unsupported_take,,osytu15,https://old.reddit.com/r/worldcup/comments/1ubrfvj/
Saudi is one of the worst teams this WC,unsupported_take,,osyu3yz,https://old.reddit.com/r/worldcup/comments/1ubrfvj/
It just feels like Spain is practicing its plays 🫪,unsupported_take,,osyvsxm,https://old.reddit.com/r/worldcup/comments/1ubrfvj/
Is Lamal being told to not hurt himself? He's playing terribly and giving no effort.,unsupported_take,"The injury suggestion relies only on a broad negative performance claim; the evidence is insufficient, so unsupported_take.",osyxyho,https://old.reddit.com/r/worldcup/comments/1ubrfvj/
Lamine is not 100% fit. He be should be subbed in the second half.,unsupported_take,,osyzzhw,https://old.reddit.com/r/worldcup/comments/1ubrfvj/
This is going to be the longest 20 minutes ever for this Saudi team,unsupported_take,,osz7awo,https://old.reddit.com/r/worldcup/comments/1ubrfvj/
"Ferran Torres can’t do anything right, how is he in this squad?",unsupported_take,,oszcc3a,https://old.reddit.com/r/worldcup/comments/1ubrfvj/
So other than Yamal everybody is just going for the homerun I'm assuming ?,unsupported_take,,osyqqgz,https://old.reddit.com/r/worldcup/comments/1ubrfvj/
"Yeah, Spain is back lol",unsupported_take,,osysyw6,https://old.reddit.com/r/worldcup/comments/1ubrfvj/
You can thank the yanks for that one.,unsupported_take,,oszrwc9,https://old.reddit.com/r/worldcup/comments/1ubvu9n/
It's unfair and deliberate by the US,unsupported_take,,oszsf7u,https://old.reddit.com/r/worldcup/comments/1ubvu9n/
Booing national anthems is silly imo,unsupported_take,"Although phrased as a mild emotional response, it makes a contestable judgment with no rationale, so unsupported_take.",oszofuy,https://old.reddit.com/r/worldcup/comments/1ubvu9n/
NOT SHOWING THE REPLAY IS SUSSS,unsupported_take,,oszv88d,https://old.reddit.com/r/worldcup/comments/1ubvu9n/
Feel bad for Iranian team. Hasn’t been easy and fair for them overall,unsupported_take,,oszqgme,https://old.reddit.com/r/worldcup/comments/1ubvu9n/
Crying when the opposing team scores only 25 mins into a match. Come on man. We didn't do that as kids.,unsupported_take,,oszv9k3,https://old.reddit.com/r/worldcup/comments/1ubvu9n/
Iran in the coming years are going to be unstoppable now that they get a $300 billion cash injection.........,unsupported_take,,oszjoah,https://old.reddit.com/r/worldcup/comments/1ubvu9n/
Some of yall in this thread need help. It was clearly offsides.,unsupported_take,,oszvlhr,https://old.reddit.com/r/worldcup/comments/1ubvu9n/
That shouldn't be a yellow card.,unsupported_take,,oszqc1l,https://old.reddit.com/r/worldcup/comments/1ubvu9n/
I always forget there are probably 12 year olds in this chat lmao. I need to remember that when I see arabic being called a religion,reaction_banter,,osyy5f6,https://old.reddit.com/r/worldcup/comments/1ubrfvj/
praise the almighty arabic. what a great god he is lol,reaction_banter,,osyydyg,https://old.reddit.com/r/worldcup/comments/1ubrfvj/
"One hour reminder to get your grocery shopping done, mow your lawn, fold your laundry. We got another busy game day ahead of us! 💪🏻⚽️",reaction_banter,,osy6wie,https://old.reddit.com/r/worldcup/comments/1ubrfvj/
Infantino looks like an elderly infant.. what an appropriate name haha,reaction_banter,,osz4t38,https://old.reddit.com/r/worldcup/comments/1ubrfvj/
3 goals before they are even hydrated is insane 😭,reaction_banter,,osyszle,https://old.reddit.com/r/worldcup/comments/1ubrfvj/
Qatar and KSA both so homophobic they actively avoid balls on the pitch.,reaction_banter,,osyva8a,https://old.reddit.com/r/worldcup/comments/1ubrfvj/
Who just said arabic is a religion lmao?,reaction_banter,,osyxq38,https://old.reddit.com/r/worldcup/comments/1ubrfvj/
Spain during the first half: olé toro 💃 Spain during the second half: let me sleep my siesta coño 😴,reaction_banter,"The post is a humorous halftime mood comparison rather than a substantive football claim, so reaction_banter.",oszd8dh,https://old.reddit.com/r/worldcup/comments/1ubrfvj/
"Yeah, can’t murder your way through a tournament.",reaction_banter,,osywlw0,https://old.reddit.com/r/worldcup/comments/1ubrfvj/
the match momentum graph had to be the worst of the lot😭🙏,reaction_banter,,osyxhmr,https://old.reddit.com/r/worldcup/comments/1ubrfvj/
"The prince was 100% asleep, no? Lmao",reaction_banter,,osz4izh,https://old.reddit.com/r/worldcup/comments/1ubrfvj/
As a saudi I am not watching this for my own health,reaction_banter,,osywpmk,https://old.reddit.com/r/worldcup/comments/1ubrfvj/
"Yes, please take him out 😅😅",reaction_banter,,osyxjd5,https://old.reddit.com/r/worldcup/comments/1ubrfvj/
Let's goooo keep em coming. I wanna see Blood Money FC get humiliated,reaction_banter,,osysa8e,https://old.reddit.com/r/worldcup/comments/1ubrfvj/
Saudi Arabia has this. They've got Spain right where they want them,reaction_banter,,osyt2b8,https://old.reddit.com/r/worldcup/comments/1ubrfvj/
Saudis gotta kidnap the ref to have a chance,reaction_banter,,osyylns,https://old.reddit.com/r/worldcup/comments/1ubrfvj/
"I can never escape this bloody player. Haunting me at Barca and now on the national team, bloody Ferran Torres.",reaction_banter,,osz5rqu,https://old.reddit.com/r/worldcup/comments/1ubrfvj/
Sick pass,reaction_banter,,osypx5o,https://old.reddit.com/r/worldcup/comments/1ubrfvj/
ESPAÑA IS HERE,reaction_banter,,osytdpl,https://old.reddit.com/r/worldcup/comments/1ubrfvj/
Did bro just pass straight to Spain 😂,reaction_banter,,osyv4xa,https://old.reddit.com/r/worldcup/comments/1ubrfvj/
Spain keeper could go on a hydration break and no one would notice,reaction_banter,,osyvwev,https://old.reddit.com/r/worldcup/comments/1ubrfvj/
Not even running,reaction_banter,,osyxouq,https://old.reddit.com/r/worldcup/comments/1ubrfvj/
"lol it feels so foreign/rare for Saudi Arabia to ""have"" the ball.",reaction_banter,,osyxshi,https://old.reddit.com/r/worldcup/comments/1ubrfvj/
Ok lets go to the fucking airport no need for a second half,reaction_banter,,osyymvl,https://old.reddit.com/r/worldcup/comments/1ubrfvj/
No one is trying anymore,reaction_banter,,osz40pv,https://old.reddit.com/r/worldcup/comments/1ubrfvj/
Wth are we actually doing????,reaction_banter,,osz41hc,https://old.reddit.com/r/worldcup/comments/1ubrfvj/
LOL was that man alseep?,reaction_banter,,osz4ku3,https://old.reddit.com/r/worldcup/comments/1ubrfvj/
Boo the hydration breaks,reaction_banter,,osz6nc0,https://old.reddit.com/r/worldcup/comments/1ubrfvj/
Momentum Break 2,reaction_banter,,osz6omz,https://old.reddit.com/r/worldcup/comments/1ubrfvj/
Can we stop filming infantino,reaction_banter,,osz8e4c,https://old.reddit.com/r/worldcup/comments/1ubrfvj/
"""No"" - Infantino",reaction_banter,,osz8j0l,https://old.reddit.com/r/worldcup/comments/1ubrfvj/
I'm excited about the Iran-Egypt match on Pride Day,reaction_banter,,oszazg0,https://old.reddit.com/r/worldcup/comments/1ubrfvj/
Fuck it that’s fair on seeing replay,reaction_banter,,oszc9ll,https://old.reddit.com/r/worldcup/comments/1ubrfvj/
this match is unnecessarily long,reaction_banter,,oszcvak,https://old.reddit.com/r/worldcup/comments/1ubrfvj/
"Maybe the computer was saying it wasn’t offside and they were like, “there’s no fuckin way, zoom and enhance”",reaction_banter,,oszcx9v,https://old.reddit.com/r/worldcup/comments/1ubrfvj/
I kinda want this to end in a draw because it would be hilarious,reaction_banter,,osygjgq,https://old.reddit.com/r/worldcup/comments/1ubrfvj/
The way Yamal shrugged that defender off,reaction_banter,,osyntc1,https://old.reddit.com/r/worldcup/comments/1ubrfvj/
Saudi Arabia get the lube ready.,reaction_banter,,osysk19,https://old.reddit.com/r/worldcup/comments/1ubrfvj/
Cape Verde has a chance to do the funniest thing ever against Uruguay,reaction_banter,,osytiv7,https://old.reddit.com/r/worldcup/comments/1ubrfvj/
THANK YOU FOR OBSERVING THE POWERADE HYDRATION BREAK. RETURN TO YOUR WORKSTATIONS IN AN ORDERLY FASHION,reaction_banter,,osytiz1,https://old.reddit.com/r/worldcup/comments/1ubrfvj/
Producer: “Zoom in on the Belgian kid crying!”,reaction_banter,,oszujg6,https://old.reddit.com/r/worldcup/comments/1ubvu9n/
"Producer: ""Zoom back in, zoom back in!"" New camera guy: ""I can't find him boss""...",reaction_banter,,oszv0bz,https://old.reddit.com/r/worldcup/comments/1ubvu9n/
Iranian fans booing at hydration break. Hope this continues in every game,reaction_banter,,oszvb1d,https://old.reddit.com/r/worldcup/comments/1ubvu9n/
Match thread harder to find than the fucking yeti,reaction_banter,,oszlj4b,https://old.reddit.com/r/worldcup/comments/1ubvu9n/
I can’t believe I waited this long into the tournament to watch a match on telemundo this is way better and I don’t even speak Spanish,reaction_banter,,oszsijv,https://old.reddit.com/r/worldcup/comments/1ubvu9n/
"Can't really blame you ...imagine choosing ""and thats a goal!"" Over ""Gooooooooooooooolllllllllllll!!!""",reaction_banter,,oszsxrv,https://old.reddit.com/r/worldcup/comments/1ubvu9n/
"No ads, commentary is exciting even not knowing most what’s being said, it is a great experience",reaction_banter,,oszsy1j,https://old.reddit.com/r/worldcup/comments/1ubvu9n/
This is the way,reaction_banter,,oszswxd,https://old.reddit.com/r/worldcup/comments/1ubvu9n/
I hope that sad Belgian kid is feeling better.,reaction_banter,,oszv9df,https://old.reddit.com/r/worldcup/comments/1ubvu9n/
THE BELGIAN KID CRYING OMFG,reaction_banter,,oszucyn,https://old.reddit.com/r/worldcup/comments/1ubvu9n/
"That Belgian kid cried for nothing, absolute waster",reaction_banter,,oszurw3,https://old.reddit.com/r/worldcup/comments/1ubvu9n/
Whoever invented the hydration break needs to be sent to The Hague for crimes against football.,reaction_banter,"The Hague exaggeration is plainly comic frustration about hydration breaks, so reaction_banter.",oszvd0k,https://old.reddit.com/r/worldcup/comments/1ubvu9n/
Imagine Iran wins and trump has to hand the award to them😂,reaction_banter,,oszv9lk,https://old.reddit.com/r/worldcup/comments/1ubvu9n/
Would love to see that 😅😅,reaction_banter,,oszvc3l,https://old.reddit.com/r/worldcup/comments/1ubvu9n/
“Excuse me!” .. *proceeds to tap bald head*,reaction_banter,,oszsb76,https://old.reddit.com/r/worldcup/comments/1ubvu9n/
That was kind of a cute interaction though😇,reaction_banter,,oszsijl,https://old.reddit.com/r/worldcup/comments/1ubvu9n/
That moment made me lol,reaction_banter,,oszsg10,https://old.reddit.com/r/worldcup/comments/1ubvu9n/
Zooming in on the crying child is crazy.,reaction_banter,,oszuisk,https://old.reddit.com/r/worldcup/comments/1ubvu9n/
Cameraman did that kid dirty.,reaction_banter,,oszuro1,https://old.reddit.com/r/worldcup/comments/1ubvu9n/
Why do Americans pronounce Iran like it's the latest Apple product iRan,reaction_banter,,oszt3cw,https://old.reddit.com/r/worldcup/comments/1ubvu9n/
